{
    "语言": [
        {
            "title": "TypeScript",
            "href": "https://www.tslang.cn/index.html",
            "desc": "TypeScript是JavaScript类型的超集，它可以编译成纯JavaScript。TypeScript可以在任何浏览器、任何计算机和任何操作系统上运行，并且是开源的。",
            "about": [
                {
                    "label": "TypeScript中文",
                    "value": "https://www.tslang.cn/index.html"
                },
                {
                    "label": "文档",
                    "value": "https://www.tslang.cn/docs/home.html"
                },
                {
                    "label": "下载",
                    "value": "https://www.tslang.cn/index.html#download-links"
                }
            ]
        }
    ],
    "工具类": [
        {
            "title": "adminMongo",
            "href": "https://github.com/mrvautin/adminMongo",
            "desc": "adminMongo是一个跨平台用户界面（GUI），用于处理所有MongoDB连接/数据库需求。adminMongo是完全响应的，应该在一系列设备。",
            "about": [
                {
                    "label": "主页",
                    "value": "https://adminmongo.markmoffat.com"
                },
                {
                    "label": "文档",
                    "value": "https://adminmongo.markmoffat.com/docs"
                },
                {
                    "label": "Github",
                    "value": "https://github.com/mrvautin/adminMongo"
                }
            ]
        },
        {
            "title": "mongoose",
            "href": "http://github.com/learnboost/mongoose",
            "desc": "Mongoose为模型提供了一种直接的，基于scheme结构去定义你的数据模型。它内置数据验证， 查询构建，业务逻辑钩子等，开箱即用。",
            "about": [
                {
                    "label": "主页",
                    "value": "http://www.mongoosejs.net"
                },
                {
                    "label": "文档",
                    "value": "http://www.mongoosejs.net/docs/index.html"
                },
                {
                    "label": "Github",
                    "value": "http://github.com/learnboost/mongoose"
                }
            ]
        },
        {
            "title": "NeDB",
            "href": "https://github.com/louischatriot/nedb",
            "desc": "NeDB是使用Nodejs实现的一个NoSQL嵌入式数据库操作模块，可以充当内存数据库，也可以用来实现本地存储，甚至可以在浏览器中使用。查询方式比较灵活，支持使用正则、比较运算符、逻辑运算符、索引以及JSON深度查询等。",
            "about": [
                {
                    "label": "文档",
                    "value": "https://www.w3cschool.cn/nedbintro/nedbintro-eqsm27mb.html"
                },
                {
                    "label": "Github",
                    "value": "https://github.com/louischatriot/nedb"
                }
            ]
        },
        {
            "title": "Prisma",
            "href": "https://www.prisma.io",
            "desc": "NeDB是使用Nodejs实现的一个NoSQL嵌入式数据库操作模块，可以充当内存数据库，也可以用来实现本地存储，甚至可以在浏览器中使用。查询方式比较灵活，支持使用正则、比较运算符、逻辑运算符、索引以及JSON深度查询等。",
            "about": [
                {
                    "label": "主页",
                    "value": "https://www.prisma.io"
                },
                {
                    "label": "文档",
                    "value": "https://prisma.1wire.com"
                },
                {
                    "label": "简书",
                    "value": "https://www.jianshu.com/p/1c0712a8e5a4",
                    "alt": "使用Prisma构建GraphQL服务"
                }
            ]
        },
        {
            "title": "Lodash",
            "href": "https://www.lodashjs.com/",
            "desc": "Lodash是一个一致性、模块化、高性能的 JavaScript 实用工具库。通过降低 array、number、objects、string 等等的使用难度从而让 JavaScript 变得更简单。",
            "about": [
                {
                    "label": "主页",
                    "value": "https://www.lodashjs.com/"
                },
                {
                    "label": "文档",
                    "value": "https://www.lodashjs.com/docs/lodash"
                },
                {
                    "label": "Github",
                    "value": "https://github.com/lodash/lodash/wiki/FP-Guide"
                }
            ]
        },
        {
            "title": "GraphQL",
            "href": "https://graphql.cn/",
            "desc": "GraphQL 既是一种用于 API 的查询语言也是一个满足你数据查询的运行时。 GraphQL 对你的 API 中的数据提供了一套易于理解的完整描述，使得客户端能够准确地获得它需要的数据，而且没有任何冗余，也让 API 更容易地随着时间推移而演进，还能用于构建强大的开发者工具。",
            "about": [
                {
                    "label": "主页",
                    "value": "https://graphql.cn/"
                },
                {
                    "label": "学习",
                    "value": "https://graphql.cn/learn/"
                },
                {
                    "label": "代码",
                    "value": "https://graphql.cn/code/"
                }
            ]
        },
        {
            "title": "Apollo",
            "href": "https://www.apollographql.com",
            "desc": "GraphQL 既是一种用于 API 的查询语言也是一个满足你数据查询的运行时。 GraphQL 对你的 API 中的数据提供了一套易于理解的完整描述，使得客户端能够准确地获得它需要的数据，而且没有任何冗余，也让 API 更容易地随着时间推移而演进，还能用于构建强大的开发者工具。",
            "about": [
                {
                    "label": "主页",
                    "value": "https://www.apollographql.com"
                },
                {
                    "label": "Vue Apollo",
                    "value": "https://apollo.vuejs.org"
                }
            ]
        },
        {
            "title": "survey-vue",
            "href": "https://madewith.cn/237",
            "desc": "SurveyJS是一个完整、完全可定制和可扩展的调查、表单构建器。允许用户使用我们的JavaScript库将调查/表单构建器集成到用户的Web应用程序中，并具有所需的功能。"
        },
        {
            "title": "Handlebars",
            "href": "https://handlebarsjs.com/zh/",
            "desc": "Handlebars 提供了必要的功能，使你可以高效地构建语义化模板。",
            "about": [
                {
                    "label": "入门",
                    "value": "https://handlebarsjs.com/zh/installation/"
                },
                {
                    "label": "文档",
                    "value": "https://handlebarsjs.com/zh/guide/"
                }
            ]
        }
    ],
    "文档发布": [
        {
            "title": "docsify",
            "href": "https://docsify.js.org/#/zh-cn/",
            "desc": "一个神奇的文档网站生成器，可以托管在Github page，且支持MarkDown。不同于 GitBook、Hexo 的地方是它不会生成静态的 .html 文件，所有转换工作都是在运行时。",
            "about": [
                {
                    "label": "GitHub",
                    "value": "https://github.com/docsifyjs/docsify"
                }
            ]
        },
        {
            "title": "Docute",
            "href": "https://docute.org/zh/",
            "desc": "Docute 本质上就是一个 JavaScript 文件，它可以获取 Markdown 文件并将它们呈现为单页面应用。它完全由运行时驱动，因此并不涉及服务端组件，这就意味着没有构建过程！Docute使用了Vue，Vue Router 和 Vuex",
            "about": [
                {
                    "label": "GitHub",
                    "value": "https://github.com/egoist/docute"
                }
            ]
        },
        {
            "title": "MkDocs",
            "href": "https://www.mkdocs.org/",
            "desc": "MkDocs 是一个快速、简单和彻头彻尾的华丽静态站点生成器，用于构建项目文档。",
            "about": [
                {
                    "label": "GitHub",
                    "value": "https://github.com/mkdocs/mkdocs/"
                }
            ]
        }
    ],
    "WebRTC": [
        {
            "title": "WebRTC",
            "href": "https://webrtc.org/",
            "desc": "WebRTC (Web Real-Time Communications) 是一项实时通讯技术，它允许网络应用或者站点，在不借助中间媒介的情况下，建立浏览器之间点对点（Peer-to-Peer）的连接，实现视频流和（或）音频流或者其他任意数据的传输。",
            "about": [
                {
                    "label": "API",
                    "value": "https://developer.mozilla.org/zh-CN/docs/Web/API/WebRTC_API"
                },
                {
                    "label": "samples",
                    "value": "https://webrtc.github.io/samples/"
                },
                {
                    "label": "中文网",
                    "value": "https://webrtc.org.cn/category/basic/"
                },
                {
                    "label": "标准教程",
                    "value": "https://javascript.ruanyifeng.com/htmlapi/webrtc.html#toc3",
                    "alt": "JavaScript 标准参考教程"
                }
            ]
        },
        {
            "title": "Kurento",
            "href": "https://www.kurento.org",
            "desc": "Kurento是一个WebRTC媒体服务器，同时提供了一系列的客户端API，可以简化供浏览器、移动平台使用的视频类应用程序的开发",
            "about": [
                {
                    "label": "基础",
                    "value": "https://blog.gmem.cc/webrtc-server-basedon-kurento",
                    "alt": "基于Kurento搭建WebRTC服务器"
                },
                {
                    "label": "文档",
                    "value": "https://doc-kurento.readthedocs.io/en/stable/index.html"
                },
                {
                    "label": "Github",
                    "value": "https://github.com/Kurento/kurento-media-server"
                }
            ]
        },
        {
            "title": "Licode",
            "href": "http://lynckia.com/licode/",
            "desc": "licode基于WebRTC和云技术提供通讯能力，利用licode可以用HTML5技术实现视频会议系统的快速开发，基于会议室的机制实现视频会议。"
        },
        {
            "title": "Openvidu",
            "href": "https://openvidu.io/",
            "desc": "Kurento架构的核心是媒体服务器，同时提供了一系列的客户端API，可以简化供浏览器、移动平台使用的视频类应用程序的开发。Openvidu视频会议包括KMS(媒体服务）、Openvidu-server（会议服务）、WebAPP（Web网站）。"
        },
        {
            "title": "Janus",
            "href": "https://janus.conf.meetecho.com/index.html",
            "desc": "Janus是由Meetecho开发的WebRTC服务器，被认为是通用服务器。因此，除了实现与浏览器建立WebRTC媒体通信，与之交换JSON消息以及在浏览器与服务器端应用程序逻辑之间中继RTP/RTCP和消息的手段之外，它本身不提供任何功能。服务器端插件提供了任何特定的功能/应用程序，然后浏览器可以通过Janus与之联系，以利用它们提供的功能。这种插件的示例可以是诸如回声测试，会议桥，媒体录制，SIP网关等应用程序的实现。"
        },
        {
            "title": "Jitsi",
            "href": "https://jitsi.org/",
            "desc": "Jitsi是一个开源的，安全（ZRTP加密），高质量的SIP/XMPP视频通话、会议、聊天、桌面共享、文件传传输。可以安装在你喜欢的操作系统中并且支持多种IM网络。"
        }
    ],
    "在线编辑器": [
        {
            "title": "Vue-Layout",
            "href": "https://github.com/jaweii/Vue-Layout",
            "desc": "基于UI组件的Vue可视化布局工具。"
        },
        {
            "title": "Web Designer",
            "href": "https://github.com/xiaoai7904/web_designer",
            "desc": "网页设计器图形化工具,通过拖拽组件进行页面排版和生成页面代码。"
        },
        {
            "title": "Mavon-editor",
            "href": "https://www.npmjs.com/package/mavon-editor",
            "desc": "一款强大的Vue-markdown编辑器插件"
        },
        {
            "title": "marked.js",
            "href": "https://marked.js.org/",
            "desc": "强大的markdown语法转换js插件库"
        }
    ],
    "UI框架": [
        {
            "title": "Muse-UI",
            "href": "https://muse-ui.org/",
            "desc": "基于Vue2.0优雅的Material Design UI组件库。"
        },
        {
            "title": "Mand Mobile",
            "href": "https://didi.github.io/mand-mobile/examples",
            "desc": "didi公司面向金融场景的移动端Vue组件库。"
        }
    ],
    "模块打包器": [
        {
            "title": "Rollup",
            "href": "https://www.rollupjs.com/",
            "desc": "Rollup 是一个 JavaScript 模块打包器，可以将小块代码编译成大块复杂的代码，例如 library 或应用程序。"
        }
    ],
    "数据可视化": [
        {
            "title": "Visualgo",
            "href": "https://visualgo.net/zh",
            "desc": "数据结构和算法动态可视化 (Chinese)",
            "about": [
                {
                    "label": "视觉算法训练",
                    "value": "https://visualgo.net/training"
                },
                {
                    "label": "经典排序",
                    "value": "https://www.cnblogs.com/onepixel/articles/7674659.html",
                    "alt": "十种经典排序动图算法"
                },
                {
                    "label": "数据结构可视化",
                    "value": "https://www.cs.usfca.edu/~galles/visualization/Algorithms.html"
                }
            ]
        },
        {
            "title": "amcharts",
            "href": "https://www.amcharts.com/demos/",
            "desc": "Amcharts是一组SVG图表，你可以免费使用在你的网站和基于网络的产品（非开源）。 Amcharts可以从简单的CSV或XML文件提取数据，也可以从动态数据读取生成，比如PHP, .NET, Ruby on Rails和Perl，以及其他许多编程语言"
        },
        {
            "title": "zingchart",
            "href": "https://www.zingchart.com/",
            "desc": "ZingChart是一组SVG图表, 提供了一个丰富的API，用于通过重新绘制绘图（重新加载）"
        },
        {
            "title": "更多图库",
            "href": "https://blog.csdn.net/cunqu9743/article/details/106998837",
            "desc": "第三方整理的SVG图库"
        },
        {
            "title": "Leaflet",
            "href": "https://leafletjs.com/",
            "desc": "Leaflet 是一个为移动设备设计的交互式地图的开源的 javascript库， 并只有38k，包含了大多数开发者需要的地图特点"
        }
    ],
    "其它": [
        {
            "title": "ContentTools",
            "href": "https://contenttools.co/",
            "desc": "ContentTools是用于HTML页面的美观小巧的内容编辑器。它被设计为： 1、 与框架无关的库不使用任何JavaScript框架（没有JQuery），但可以很好地使用它们。 2、 灵活的ContentTools软件包由5个库组成，每个库或可以独立使用 3、可扩展该软件包旨在易于扩展 4、小型完整的编辑器（JS，CSS，图像和图标字体）为241kb （压缩后为49kb ）"
        },
        {
            "title": "Trumbowyg",
            "href": "https://alex-d.github.io/Trumbowyg/",
            "desc": "Trumbowyg一个轻量级文本编辑器，简洁漂亮的设计,生成语义代码,有一个强大的API。 编辑生成的代码进行了优化,HTML5的支持。 兼容浏览器IE7 +,Chrome,Opera和Firefox。仅为20kB（8kB gzip） 这意味着更快的页面加载。"
        },
        {
            "title": "Fabric.js",
            "href": "http://fabricjs.com",
            "desc": "Javascript Canvas库，SVG到画布（和canvas到SVG）解析器"
        },
        {
            "title": "Scrawl canvas",
            "href": "https://scrawl.rikweb.org.uk/",
            "desc": "一个用于处理HTML5 <canvas>元素的Javascript库"
        },
        {
            "title": "Kinetic.js",
            "href": "http://www.kineticjs.com/",
            "desc": "KineticJS是一个快速，健壮的HTML5 Canvas库;"
        },
        {
            "title": "Canvas Designer",
            "href": "https://www.webrtc-experiment.com/Canvas-Designer",
            "desc": "可扩展的JavaScript Canvas2D绘图工具，支持数十种内置工具，并为2D动画生成JavaScript代码。"
        },
        {
            "title": "Particles.js",
            "href": "http://vue-particles.netlify.com/",
            "desc": "--- 轻量级JavaScript粒子库！"
        },
        {
            "title": "Raphael.js",
            "href": "http://raphaeljs.com/",
            "desc": "一个专门为艺术家和图形设计师设计的JavaScript库;能够使用网络浏览器来创建可伸缩矢量图形(SVG)"
        },
        {
            "title": "file pond",
            "href": "https://pqina.nl/filepond/docs/",
            "desc": "vue中使用filepond进行文件上传"
        },
        {
            "title": "jsdom",
            "href": "https://github.com/jsdom/jsdom/wiki/jsdom-%E4%B8%AD%E6%96%87%E6%96%87%E6%A1%A3",
            "desc": "jsdom是一个纯粹由 javascript 实现的一系列 web标准"
        },
        {
            "title": "bigjpg",
            "href": "https://bigjpg.com/",
            "desc": "插画/照片无损放大"
        },
        {
            "title": "TensorFlow.js",
            "href": "https://tensorflow.google.cn",
            "desc": "TensorFlow.js是一个开源的基于硬件加速的JavaScript库，用于训练和部署机器学习模型。本教程将会带大家简单了解和使用TensorFlow.js框架。"
        },
        {
            "title": "web-report-sdk",
            "href": "https://github.com/wangweianger/web-report-sdk",
            "desc": "浏览器端页面性能监控平台"
        },
        {
            "title": "gtag.js",
            "href": "https://developers.google.cn/gtagjs",
            "desc": "全局网站代码 (gtag.js)是一种JavaScrip代码植入框架兼API;"
        },
        {
            "title": "waifu2x",
            "href": "http://waifu2x.udp.jp/",
            "desc": "插画/照片无损放大"
        }
    ]
}