{"v":"5.5.4","fr":30,"ip":0,"op":150,"w":1000,"h":1000,"nm":"Comp 1","ddd":0,"assets":[],"layers":[{"ddd":0,"ind":1,"ty":3,"nm":"Null 2","sr":1,"ks":{"o":{"a":0,"k":0,"ix":11},"r":{"a":0,"k":0,"ix":10},"p":{"a":1,"k":[{"i":{"x":0.58,"y":1},"o":{"x":0.42,"y":0},"t":0,"s":[221,542,0],"to":[-27.703,-162.149,0],"ti":[-140.985,24.348,0]},{"i":{"x":0.58,"y":1},"o":{"x":0.42,"y":0},"t":75,"s":[451.024,222.737,0],"to":[136.378,-23.552,0],"ti":[-28.764,-173.569,0]},{"t":149,"s":[776,452,0]}],"ix":2},"a":{"a":0,"k":[0,0,0],"ix":1},"s":{"a":0,"k":[100,100,100],"ix":6}},"ao":0,"ip":0,"op":150,"st":0,"bm":0},{"ddd":0,"ind":3,"ty":4,"nm":"Circle-mask - 1","td":1,"sr":1,"ks":{"o":{"a":0,"k":100,"ix":11},"r":{"a":0,"k":0,"ix":10},"p":{"a":0,"k":[500,500,0],"ix":2},"a":{"a":0,"k":[12,10,0],"ix":1},"s":{"a":0,"k":[100,100,100],"ix":6}},"ao":0,"shapes":[{"ty":"gr","it":[{"d":1,"ty":"el","s":{"a":0,"k":[564,564],"ix":2},"p":{"a":0,"k":[0,0],"ix":3},"nm":"Ellipse Path 1","mn":"ADBE Vector Shape - Ellipse","hd":false},{"ty":"st","c":{"a":0,"k":[0.407842987659,0.784313964844,0.968627989526,1],"ix":3},"o":{"a":0,"k":100,"ix":4},"w":{"a":0,"k":0,"ix":5},"lc":1,"lj":1,"ml":4,"bm":0,"nm":"Stroke 1","mn":"ADBE Vector Graphic - Stroke","hd":false},{"ty":"fl","c":{"a":0,"k":[1,1,1,1],"ix":4},"o":{"a":0,"k":100,"ix":5},"r":1,"bm":0,"nm":"Fill 1","mn":"ADBE Vector Graphic - Fill","hd":false},{"ty":"tr","p":{"a":0,"k":[12,10],"ix":2},"a":{"a":0,"k":[0,0],"ix":1},"s":{"a":0,"k":[100,100],"ix":3},"r":{"a":0,"k":0,"ix":6},"o":{"a":0,"k":100,"ix":7},"sk":{"a":0,"k":0,"ix":4},"sa":{"a":0,"k":0,"ix":5},"nm":"Transform"}],"nm":"Ellipse 1","np":3,"cix":2,"bm":0,"ix":1,"mn":"ADBE Vector Group","hd":false}],"ip":0,"op":150,"st":0,"bm":0},{"ddd":0,"ind":4,"ty":4,"nm":"Mon - 1","parent":8,"tt":1,"sr":1,"ks":{"o":{"a":0,"k":100,"ix":11},"r":{"a":0,"k":0,"ix":10},"p":{"a":1,"k":[{"i":{"x":0.667,"y":1},"o":{"x":0.333,"y":0},"t":4,"s":[-188.194,95.734,0],"to":[0,-16.034,0],"ti":[0,16.034,0]},{"t":28,"s":[-188.194,-0.467,0]}],"ix":2},"a":{"a":0,"k":[0,0,0],"ix":1},"s":{"a":0,"k":[100,100,100],"ix":6}},"ao":0,"shapes":[{"ty":"gr","it":[{"ind":0,"ty":"sh","ix":1,"ks":{"a":0,"k":{"i":[[2.545,0.467],[0,0],[0,0],[-1.25,-3],[-3.87,-4.227],[-3.193,-1.351],[-7.672,-3.944],[-2.531,-2.336],[-10.545,-4.875],[-3.248,-1.375],[-3.211,-1.393],[-0.585,-0.195],[-4.875,-1.239],[-2.179,0.135],[-0.211,-0.06],[-18.5,-3.25],[0,0],[0,0],[17,3.5],[23.5,6.5],[18.19,6.379],[38.75,18.5],[3.998,4.478],[0,0]],"o":[[-2.142,-0.393],[0,0],[0,0],[0.636,1.526],[3.737,4.082],[3.969,1.679],[4.891,2.514],[2.408,2.223],[3.243,1.499],[3.58,1.515],[9.977,4.327],[0.375,0.125],[12.265,3.118],[3.045,-0.189],[1.75,0.5],[18.5,3.25],[0,0],[0,0],[-23.702,-4.88],[-18.578,-5.139],[-31.878,-11.179],[-4.244,-2.026],[-5.57,-6.239],[0,0]],"v":[[-74.625,-53.938],[-80.5,-52],[-76.5,-47.75],[-71,-42.25],[-62.77,-31.939],[-53.25,-22.5],[-33.134,-14.239],[-21,-5.75],[3.021,5.414],[11.348,10.769],[21.146,13.664],[37.5,21.75],[48.243,23.778],[81.705,32.189],[84,32.75],[195,59],[247.5,60.5],[213.25,58],[164.75,49.75],[94.75,30.5],[46.5,16.25],[-45.5,-26.25],[-58.662,-36.815],[-68.25,-49.75]],"c":true},"ix":2},"nm":"Path 1","mn":"ADBE Vector Shape - Group","hd":false},{"ty":"st","c":{"a":0,"k":[0.407842987659,0.784313964844,0.968627989526,1],"ix":3},"o":{"a":0,"k":100,"ix":4},"w":{"a":0,"k":0,"ix":5},"lc":1,"lj":1,"ml":4,"bm":0,"nm":"Stroke 1","mn":"ADBE Vector Graphic - Stroke","hd":false},{"ty":"gf","o":{"a":0,"k":100,"ix":10},"r":1,"bm":0,"g":{"p":5,"k":{"a":0,"k":[0,0.471,0.62,0.686,0.106,0.522,0.662,0.724,0.22,0.573,0.704,0.761,0.609,0.711,0.802,0.849,0.998,0.849,0.901,0.937],"ix":9}},"s":{"a":0,"k":[-15.763,-29.771],"ix":5},"e":{"a":0,"k":[100,0],"ix":6},"t":1,"nm":"Gradient Fill 1","mn":"ADBE Vector Graphic - G-Fill","hd":false},{"ty":"tr","p":{"a":0,"k":[0,0],"ix":2},"a":{"a":0,"k":[0,0],"ix":1},"s":{"a":0,"k":[100,100],"ix":3},"r":{"a":0,"k":0,"ix":6},"o":{"a":0,"k":100,"ix":7},"sk":{"a":0,"k":0,"ix":4},"sa":{"a":0,"k":0,"ix":5},"nm":"Transform"}],"nm":"Shape 3","np":3,"cix":2,"bm":0,"ix":1,"mn":"ADBE Vector Group","hd":false},{"ty":"gr","it":[{"ind":0,"ty":"sh","ix":1,"ks":{"a":0,"k":{"i":[[-0.47,0.838],[-2.238,2.664],[1.549,0.476],[0,0],[-0.25,-1.25],[0,0],[0,0],[1,-2.5],[0,0],[1,-0.5],[0,0],[5,-8.5],[6.578,-4.385],[0,0],[-34,-4.75],[-6.771,7.625],[-3.841,5.574],[-3.224,5.431],[-0.88,1.522],[-1.271,2.302],[-3.181,6.137],[-2.168,4.401],[-1.226,2.713],[-1.458,3.099],[-1.312,3.746]],"o":[[0.861,-1.536],[2.037,-2.425],[-3.25,-1],[0,0],[0.25,1.25],[0,0],[0,0],[-1,2.5],[0,0],[-1,0.5],[0,0],[-5,8.5],[-3.75,2.5],[0,0],[5.271,0.736],[3.66,-4.122],[3.261,-4.733],[0.881,-1.484],[1.295,-2.241],[3.377,-6.117],[2.383,-4.598],[1.374,-2.789],[1.559,-3.451],[2.636,-5.601],[0.924,-2.637]],"v":[[-333.75,-54.75],[-327.858,-63.961],[-325.75,-67],[-336.25,-66.5],[-334.75,-59.25],[-344.25,-47.75],[-344,-42],[-349.5,-32.75],[-357,-22.5],[-361.25,-12.5],[-365.75,-3.75],[-370.5,8],[-407.5,53],[-429.5,53.5],[-411,60.25],[-393.609,48.097],[-381.802,35.886],[-373.792,22.28],[-369.901,18.019],[-367.3,11.196],[-357.41,-6.083],[-349.811,-17.403],[-347.659,-25.935],[-341.602,-34.813],[-334.799,-48.855]],"c":true},"ix":2},"nm":"Path 1","mn":"ADBE Vector Shape - Group","hd":false},{"ty":"st","c":{"a":0,"k":[0.407842987659,0.784313964844,0.968627989526,1],"ix":3},"o":{"a":0,"k":100,"ix":4},"w":{"a":0,"k":0,"ix":5},"lc":1,"lj":1,"ml":4,"bm":0,"nm":"Stroke 1","mn":"ADBE Vector Graphic - Stroke","hd":false},{"ty":"gf","o":{"a":0,"k":100,"ix":10},"r":1,"bm":0,"g":{"p":5,"k":{"a":0,"k":[0,0.364,0.546,0.624,0.106,0.354,0.533,0.61,0.22,0.344,0.52,0.596,0.609,0.533,0.647,0.704,0.998,0.723,0.775,0.812],"ix":9}},"s":{"a":0,"k":[-277,-47],"ix":5},"e":{"a":0,"k":[-265,103],"ix":6},"t":1,"nm":"Gradient Fill 1","mn":"ADBE Vector Graphic - G-Fill","hd":false},{"ty":"tr","p":{"a":0,"k":[188.5,0],"ix":2},"a":{"a":0,"k":[0,0],"ix":1},"s":{"a":0,"k":[100,100],"ix":3},"r":{"a":0,"k":0,"ix":6},"o":{"a":0,"k":100,"ix":7},"sk":{"a":0,"k":0,"ix":4},"sa":{"a":0,"k":0,"ix":5},"nm":"Transform"}],"nm":"Shape 2","np":3,"cix":2,"bm":0,"ix":2,"mn":"ADBE Vector Group","hd":false},{"ty":"gr","it":[{"ind":0,"ty":"sh","ix":1,"ks":{"a":0,"k":{"i":[[3.75,0],[2.5,-2.25],[3.25,1],[0,0],[-0.25,-1.25],[0,0],[0,0],[1,-2.5],[0,0],[1,-0.5],[0,0],[5,-8.5],[6.5,-4.5],[0,0],[-36.5,-5],[-91,-1],[0,0],[40,8],[24.5,10.25],[10.25,9.5],[3.261,3.463],[2.772,0.866],[2.25,0],[6,5]],"o":[[-3.75,0],[-2.5,2.25],[-3.25,-1],[0,0],[0.25,1.25],[0,0],[0,0],[-1,2.5],[0,0],[-1,0.5],[0,0],[-5,8.5],[-6.5,4.5],[0,0],[36.5,5],[91,1],[0,0],[-40,-8],[-24.5,-10.25],[-3.148,-2.918],[-7.357,-7.812],[-4,-1.25],[-2.25,0],[-6,-5]],"v":[[-303.25,-71.75],[-317.25,-66.25],[-325.75,-67],[-336.25,-66.5],[-334.75,-59.25],[-344.25,-47.75],[-344,-42],[-349.5,-32.75],[-357,-22.5],[-361.25,-12.5],[-365.75,-3.75],[-370.5,8],[-408.5,54],[-437,55.5],[-393.5,65],[-226,69],[55,60],[-12,53],[-156.25,12],[-238.5,-27.25],[-248.269,-37.114],[-265.25,-53.5],[-276,-50.75],[-292,-62]],"c":true},"ix":2},"nm":"Path 1","mn":"ADBE Vector Shape - Group","hd":false},{"ty":"st","c":{"a":0,"k":[0.407842987659,0.784313964844,0.968627989526,1],"ix":3},"o":{"a":0,"k":100,"ix":4},"w":{"a":0,"k":0,"ix":5},"lc":1,"lj":1,"ml":4,"bm":0,"nm":"Stroke 1","mn":"ADBE Vector Graphic - Stroke","hd":false},{"ty":"gf","o":{"a":0,"k":100,"ix":10},"r":1,"bm":0,"g":{"p":5,"k":{"a":0,"k":[0,0.41,0.592,0.671,0.106,0.415,0.588,0.663,0.22,0.42,0.584,0.655,0.609,0.643,0.745,0.794,0.998,0.867,0.906,0.933],"ix":9}},"s":{"a":0,"k":[-277,-47],"ix":5},"e":{"a":0,"k":[-265,103],"ix":6},"t":1,"nm":"Gradient Fill 1","mn":"ADBE Vector Graphic - G-Fill","hd":false},{"ty":"tr","p":{"a":0,"k":[191.5,0],"ix":2},"a":{"a":0,"k":[0,0],"ix":1},"s":{"a":0,"k":[100,100],"ix":3},"r":{"a":0,"k":0,"ix":6},"o":{"a":0,"k":100,"ix":7},"sk":{"a":0,"k":0,"ix":4},"sa":{"a":0,"k":0,"ix":5},"nm":"Transform"}],"nm":"Shape 1","np":3,"cix":2,"bm":0,"ix":3,"mn":"ADBE Vector Group","hd":false}],"ip":0,"op":150,"st":0,"bm":0},{"ddd":0,"ind":5,"ty":4,"nm":"Circle-mask - 2","td":1,"sr":1,"ks":{"o":{"a":0,"k":100,"ix":11},"r":{"a":0,"k":0,"ix":10},"p":{"a":0,"k":[500,500,0],"ix":2},"a":{"a":0,"k":[12,10,0],"ix":1},"s":{"a":0,"k":[100,100,100],"ix":6}},"ao":0,"shapes":[{"ty":"gr","it":[{"d":1,"ty":"el","s":{"a":0,"k":[564,564],"ix":2},"p":{"a":0,"k":[0,0],"ix":3},"nm":"Ellipse Path 1","mn":"ADBE Vector Shape - Ellipse","hd":false},{"ty":"st","c":{"a":0,"k":[0.407842987659,0.784313964844,0.968627989526,1],"ix":3},"o":{"a":0,"k":100,"ix":4},"w":{"a":0,"k":0,"ix":5},"lc":1,"lj":1,"ml":4,"bm":0,"nm":"Stroke 1","mn":"ADBE Vector Graphic - Stroke","hd":false},{"ty":"fl","c":{"a":0,"k":[1,1,1,1],"ix":4},"o":{"a":0,"k":100,"ix":5},"r":1,"bm":0,"nm":"Fill 1","mn":"ADBE Vector Graphic - Fill","hd":false},{"ty":"tr","p":{"a":0,"k":[12,10],"ix":2},"a":{"a":0,"k":[0,0],"ix":1},"s":{"a":0,"k":[100,100],"ix":3},"r":{"a":0,"k":0,"ix":6},"o":{"a":0,"k":100,"ix":7},"sk":{"a":0,"k":0,"ix":4},"sa":{"a":0,"k":0,"ix":5},"nm":"Transform"}],"nm":"Ellipse 1","np":3,"cix":2,"bm":0,"ix":1,"mn":"ADBE Vector Group","hd":false}],"ip":0,"op":150,"st":0,"bm":0},{"ddd":0,"ind":6,"ty":4,"nm":"Ocean - 1","parent":8,"tt":1,"sr":1,"ks":{"o":{"a":0,"k":100,"ix":11},"r":{"a":0,"k":0,"ix":10},"p":{"a":0,"k":[0,1.125,0],"ix":2},"a":{"a":0,"k":[0,0,0],"ix":1},"s":{"a":0,"k":[100,100,100],"ix":6}},"ao":0,"shapes":[{"ty":"gr","it":[{"ind":0,"ty":"sh","ix":1,"ks":{"a":0,"k":{"i":[[0,0],[0,0],[0,0],[0,0]],"o":[[0,0],[0,0],[0,0],[0,0]],"v":[[-339.888,69.174],[-330.043,68.659],[-308.664,68.893],[-324.346,69.737]],"c":false},"ix":2},"nm":"Path 1","mn":"ADBE Vector Shape - Group","hd":false},{"ty":"st","c":{"a":0,"k":[0.407842987659,0.784313964844,0.968627989526,1],"ix":3},"o":{"a":0,"k":100,"ix":4},"w":{"a":0,"k":0,"ix":5},"lc":1,"lj":1,"ml":4,"bm":0,"nm":"Stroke 1","mn":"ADBE Vector Graphic - Stroke","hd":false},{"ty":"gf","o":{"a":0,"k":100,"ix":10},"r":1,"bm":0,"g":{"p":7,"k":{"a":0,"k":[0,0.861,0.932,0.953,0.054,0.75,0.864,0.892,0.113,0.639,0.796,0.831,0.166,0.661,0.806,0.843,0.22,0.682,0.816,0.855,0.609,0.766,0.858,0.896,0.998,0.849,0.901,0.937],"ix":9}},"s":{"a":0,"k":[0,0],"ix":5},"e":{"a":0,"k":[100,0],"ix":6},"t":1,"nm":"Gradient Fill 1","mn":"ADBE Vector Graphic - G-Fill","hd":false},{"ty":"tr","p":{"a":1,"k":[{"i":{"x":0.52,"y":0.955},"o":{"x":0.48,"y":0.045},"t":0,"s":[0,0],"to":[1.167,0],"ti":[-1.167,0]},{"t":150,"s":[7,0]}],"ix":2},"a":{"a":0,"k":[0,0],"ix":1},"s":{"a":0,"k":[100,100],"ix":3},"r":{"a":0,"k":0,"ix":6},"o":{"a":0,"k":100,"ix":7},"sk":{"a":0,"k":0,"ix":4},"sa":{"a":0,"k":0,"ix":5},"nm":"Transform"}],"nm":"Shape 4","np":3,"cix":2,"bm":0,"ix":1,"mn":"ADBE Vector Group","hd":false},{"ty":"gr","it":[{"ind":0,"ty":"sh","ix":1,"ks":{"a":0,"k":{"i":[[0,0],[-0.281,0],[0,0]],"o":[[0,0],[0.281,0],[0,0]],"v":[[-364.36,85.067],[-311.477,84.083],[-280.817,87.177]],"c":false},"ix":2},"nm":"Path 1","mn":"ADBE Vector Shape - Group","hd":false},{"ty":"st","c":{"a":0,"k":[0.407842987659,0.784313964844,0.968627989526,1],"ix":3},"o":{"a":0,"k":100,"ix":4},"w":{"a":0,"k":0,"ix":5},"lc":1,"lj":1,"ml":4,"bm":0,"nm":"Stroke 1","mn":"ADBE Vector Graphic - Stroke","hd":false},{"ty":"gf","o":{"a":0,"k":100,"ix":10},"r":1,"bm":0,"g":{"p":7,"k":{"a":0,"k":[0,0.861,0.932,0.953,0.054,0.75,0.864,0.892,0.113,0.639,0.796,0.831,0.166,0.661,0.806,0.843,0.22,0.682,0.816,0.855,0.609,0.766,0.858,0.896,0.998,0.849,0.901,0.937],"ix":9}},"s":{"a":0,"k":[0,0],"ix":5},"e":{"a":0,"k":[100,0],"ix":6},"t":1,"nm":"Gradient Fill 1","mn":"ADBE Vector Graphic - G-Fill","hd":false},{"ty":"tr","p":{"a":1,"k":[{"i":{"x":0.52,"y":0.955},"o":{"x":0.48,"y":0.045},"t":0,"s":[0,0],"to":[-2.833,0],"ti":[2.833,0]},{"t":150,"s":[-17,0]}],"ix":2},"a":{"a":0,"k":[0,0],"ix":1},"s":{"a":0,"k":[100,100],"ix":3},"r":{"a":0,"k":0,"ix":6},"o":{"a":0,"k":100,"ix":7},"sk":{"a":0,"k":0,"ix":4},"sa":{"a":0,"k":0,"ix":5},"nm":"Transform"}],"nm":"Shape 3","np":3,"cix":2,"bm":0,"ix":2,"mn":"ADBE Vector Group","hd":false},{"ty":"gr","it":[{"ind":0,"ty":"sh","ix":1,"ks":{"a":0,"k":{"i":[[0,0],[4.501,0],[2.02,0.062],[1.637,0.058],[0,0],[0,0],[-2.25,0],[0,0]],"o":[[0,0],[-0.83,0],[-1.337,-0.041],[-9.296,-0.332],[0,0],[0,0],[2.25,0],[0,0]],"v":[[-218.089,77.613],[-247.624,80.145],[-252.052,80.044],[-256.556,79.892],[-278.566,79.02],[-244.249,82.254],[-223.996,80.989],[-198.117,79.301]],"c":true},"ix":2},"nm":"Path 1","mn":"ADBE Vector Shape - Group","hd":false},{"ty":"st","c":{"a":0,"k":[0.407842987659,0.784313964844,0.968627989526,1],"ix":3},"o":{"a":0,"k":100,"ix":4},"w":{"a":0,"k":0,"ix":5},"lc":1,"lj":1,"ml":4,"bm":0,"nm":"Stroke 1","mn":"ADBE Vector Graphic - Stroke","hd":false},{"ty":"gf","o":{"a":0,"k":100,"ix":10},"r":1,"bm":0,"g":{"p":7,"k":{"a":0,"k":[0,0.893,0.934,0.945,0.054,0.766,0.865,0.888,0.113,0.639,0.796,0.831,0.166,0.661,0.806,0.843,0.22,0.682,0.816,0.855,0.609,0.766,0.858,0.896,0.998,0.849,0.901,0.937],"ix":9}},"s":{"a":0,"k":[0,0],"ix":5},"e":{"a":0,"k":[100,0],"ix":6},"t":1,"nm":"Gradient Fill 1","mn":"ADBE Vector Graphic - G-Fill","hd":false},{"ty":"tr","p":{"a":1,"k":[{"i":{"x":0.52,"y":0.955},"o":{"x":0.48,"y":0.045},"t":0,"s":[0,0],"to":[5.5,0],"ti":[-5.5,0]},{"t":150,"s":[33,0]}],"ix":2},"a":{"a":0,"k":[0,0],"ix":1},"s":{"a":0,"k":[100,100],"ix":3},"r":{"a":0,"k":0,"ix":6},"o":{"a":0,"k":100,"ix":7},"sk":{"a":0,"k":0,"ix":4},"sa":{"a":0,"k":0,"ix":5},"nm":"Transform"}],"nm":"Shape 2","np":3,"cix":2,"bm":0,"ix":3,"mn":"ADBE Vector Group","hd":false},{"ty":"gr","it":[{"ind":0,"ty":"sh","ix":1,"ks":{"a":0,"k":{"i":[[20.708,-18.108],[5,-45],[-11,0],[0,0],[0,0],[48,-4],[15.5,3],[34,1.5],[0,0],[3.5,-2.5],[16,1],[0,0],[10,-5.5],[46.5,-5.5],[47,-1.5],[0,0],[3,3],[-0.5,0.5],[0,0]],"o":[[-26.185,22.898],[-5,45],[11,0],[0,0],[0,0],[-48,4],[-15.5,-3],[-34,-1.5],[0,0],[-3.5,2.5],[-16,-1],[0,0],[-10,5.5],[-46.5,5.5],[-47,1.5],[0,0],[-3,-3],[0.5,-0.5],[0,0]],"v":[[-541,36],[-569,125],[-448,154],[553,147],[575,50],[488.5,47],[413.5,43.5],[225,37.5],[186,40],[191,46],[153.5,45.5],[130.5,48],[135.5,54.5],[47.874,45.498],[-177.434,62.312],[-440,48],[-459.5,40.5],[-442,29.5],[-453.5,24]],"c":true},"ix":2},"nm":"Path 1","mn":"ADBE Vector Shape - Group","hd":false},{"ty":"st","c":{"a":0,"k":[0.407842987659,0.784313964844,0.968627989526,1],"ix":3},"o":{"a":0,"k":100,"ix":4},"w":{"a":0,"k":0,"ix":5},"lc":1,"lj":1,"ml":4,"bm":0,"nm":"Stroke 1","mn":"ADBE Vector Graphic - Stroke","hd":false},{"ty":"gf","o":{"a":0,"k":100,"ix":10},"r":1,"bm":0,"g":{"p":7,"k":{"a":0,"k":[0,0.627,0.765,0.804,0.054,0.633,0.78,0.818,0.113,0.639,0.796,0.831,0.166,0.661,0.806,0.843,0.22,0.682,0.816,0.855,0.609,0.766,0.858,0.896,0.998,0.849,0.901,0.937],"ix":9}},"s":{"a":0,"k":[-368,97],"ix":5},"e":{"a":0,"k":[62,-128],"ix":6},"t":1,"nm":"Gradient Fill 1","mn":"ADBE Vector Graphic - G-Fill","hd":false},{"ty":"tr","p":{"a":0,"k":[0,0],"ix":2},"a":{"a":0,"k":[0,0],"ix":1},"s":{"a":0,"k":[100,100],"ix":3},"r":{"a":0,"k":0,"ix":6},"o":{"a":0,"k":100,"ix":7},"sk":{"a":0,"k":0,"ix":4},"sa":{"a":0,"k":0,"ix":5},"nm":"Transform"}],"nm":"Shape 1","np":3,"cix":2,"bm":0,"ix":4,"mn":"ADBE Vector Group","hd":false}],"ip":0,"op":150,"st":0,"bm":0},{"ddd":0,"ind":7,"ty":4,"nm":"Circle-mask - 3","td":1,"sr":1,"ks":{"o":{"a":0,"k":100,"ix":11},"r":{"a":0,"k":0,"ix":10},"p":{"a":0,"k":[500,500,0],"ix":2},"a":{"a":0,"k":[12,10,0],"ix":1},"s":{"a":0,"k":[100,100,100],"ix":6}},"ao":0,"shapes":[{"ty":"gr","it":[{"d":1,"ty":"el","s":{"a":0,"k":[564,564],"ix":2},"p":{"a":0,"k":[0,0],"ix":3},"nm":"Ellipse Path 1","mn":"ADBE Vector Shape - Ellipse","hd":false},{"ty":"st","c":{"a":0,"k":[0.407842987659,0.784313964844,0.968627989526,1],"ix":3},"o":{"a":0,"k":100,"ix":4},"w":{"a":0,"k":0,"ix":5},"lc":1,"lj":1,"ml":4,"bm":0,"nm":"Stroke 1","mn":"ADBE Vector Graphic - Stroke","hd":false},{"ty":"fl","c":{"a":0,"k":[1,1,1,1],"ix":4},"o":{"a":0,"k":100,"ix":5},"r":1,"bm":0,"nm":"Fill 1","mn":"ADBE Vector Graphic - Fill","hd":false},{"ty":"tr","p":{"a":0,"k":[12,10],"ix":2},"a":{"a":0,"k":[0,0],"ix":1},"s":{"a":0,"k":[100,100],"ix":3},"r":{"a":0,"k":0,"ix":6},"o":{"a":0,"k":100,"ix":7},"sk":{"a":0,"k":0,"ix":4},"sa":{"a":0,"k":0,"ix":5},"nm":"Transform"}],"nm":"Ellipse 1","np":3,"cix":2,"bm":0,"ix":1,"mn":"ADBE Vector Group","hd":false}],"ip":0,"op":150,"st":0,"bm":0},{"ddd":0,"ind":8,"ty":4,"nm":"Mon - 2","tt":1,"sr":1,"ks":{"o":{"a":0,"k":100,"ix":11},"r":{"a":0,"k":0,"ix":10},"p":{"a":1,"k":[{"i":{"x":0.833,"y":0.885},"o":{"x":0.167,"y":0.167},"t":0,"s":[1007.369,953.208,0],"to":[0.048,-1.706,0],"ti":[-0.057,2.345,0]},{"i":{"x":0.833,"y":0.795},"o":{"x":0.167,"y":0.306},"t":1,"s":[1007.655,942.971,0],"to":[0.057,-2.345,0],"ti":[0.022,1.57,0]},{"i":{"x":0.833,"y":0.804},"o":{"x":0.167,"y":0.14},"t":2,"s":[1007.71,939.139,0],"to":[-0.022,-1.57,0],"ti":[0.098,2.185,0]},{"i":{"x":0.833,"y":0.81},"o":{"x":0.167,"y":0.145},"t":3,"s":[1007.525,933.548,0],"to":[-0.098,-2.185,0],"ti":[0.141,2.856,0]},{"i":{"x":0.833,"y":0.814},"o":{"x":0.167,"y":0.149},"t":4,"s":[1007.122,926.027,0],"to":[-0.141,-2.856,0],"ti":[0.15,3.587,0]},{"i":{"x":0.833,"y":0.816},"o":{"x":0.167,"y":0.151},"t":5,"s":[1006.678,916.41,0],"to":[-0.15,-3.587,0],"ti":[0.154,4.38,0]},{"i":{"x":0.833,"y":0.818},"o":{"x":0.167,"y":0.152},"t":6,"s":[1006.222,904.504,0],"to":[-0.154,-4.38,0],"ti":[0.158,5.22,0]},{"i":{"x":0.833,"y":0.821},"o":{"x":0.167,"y":0.154},"t":7,"s":[1005.754,890.131,0],"to":[-0.158,-5.22,0],"ti":[0.161,6.077,0]},{"i":{"x":0.833,"y":0.823},"o":{"x":0.167,"y":0.156},"t":8,"s":[1005.276,873.183,0],"to":[-0.161,-6.077,0],"ti":[0.164,6.904,0]},{"i":{"x":0.833,"y":0.826},"o":{"x":0.167,"y":0.158},"t":9,"s":[1004.788,853.667,0],"to":[-0.164,-6.904,0],"ti":[0.167,7.628,0]},{"i":{"x":0.833,"y":0.829},"o":{"x":0.167,"y":0.16},"t":10,"s":[1004.291,831.76,0],"to":[-0.167,-7.628,0],"ti":[0.17,8.169,0]},{"i":{"x":0.833,"y":0.832},"o":{"x":0.167,"y":0.162},"t":11,"s":[1003.786,807.901,0],"to":[-0.17,-8.169,0],"ti":[0.172,8.451,0]},{"i":{"x":0.833,"y":0.835},"o":{"x":0.167,"y":0.165},"t":12,"s":[1003.274,782.748,0],"to":[-0.172,-8.451,0],"ti":[0.174,8.423,0]},{"i":{"x":0.833,"y":0.838},"o":{"x":0.167,"y":0.169},"t":13,"s":[1002.755,757.197,0],"to":[-0.174,-8.423,0],"ti":[0.175,8.087,0]},{"i":{"x":0.833,"y":0.841},"o":{"x":0.167,"y":0.172},"t":14,"s":[1002.232,732.21,0],"to":[-0.175,-8.087,0],"ti":[0.177,7.49,0]},{"i":{"x":0.833,"y":0.843},"o":{"x":0.167,"y":0.175},"t":15,"s":[1001.703,708.678,0],"to":[-0.177,-7.49,0],"ti":[0.178,6.71,0]},{"i":{"x":0.833,"y":0.845},"o":{"x":0.167,"y":0.178},"t":16,"s":[1001.171,687.268,0],"to":[-0.178,-6.71,0],"ti":[0.179,5.828,0]},{"i":{"x":0.833,"y":0.848},"o":{"x":0.167,"y":0.181},"t":17,"s":[1000.636,668.415,0],"to":[-0.179,-5.828,0],"ti":[0.179,4.914,0]},{"i":{"x":0.833,"y":0.85},"o":{"x":0.167,"y":0.184},"t":18,"s":[1000.099,652.302,0],"to":[-0.179,-4.914,0],"ti":[0.18,4.016,0]},{"i":{"x":0.833,"y":0.852},"o":{"x":0.167,"y":0.187},"t":19,"s":[999.559,638.933,0],"to":[-0.18,-4.016,0],"ti":[0.18,3.164,0]},{"i":{"x":0.833,"y":0.856},"o":{"x":0.167,"y":0.191},"t":20,"s":[999.019,628.206,0],"to":[-0.18,-3.164,0],"ti":[0.18,2.373,0]},{"i":{"x":0.833,"y":0.862},"o":{"x":0.167,"y":0.198},"t":21,"s":[998.478,619.949,0],"to":[-0.18,-2.373,0],"ti":[0.18,1.649,0]},{"i":{"x":0.833,"y":0.872},"o":{"x":0.167,"y":0.21},"t":22,"s":[997.938,613.965,0],"to":[-0.18,-1.649,0],"ti":[0.18,0.991,0]},{"i":{"x":0.833,"y":0.885},"o":{"x":0.167,"y":0.239},"t":23,"s":[997.398,610.052,0],"to":[-0.18,-0.991,0],"ti":[0.179,0.396,0]},{"i":{"x":0.833,"y":0.734},"o":{"x":0.167,"y":0.304},"t":24,"s":[996.86,608.016,0],"to":[-0.179,-0.396,0],"ti":[0.178,-0.22,0]},{"i":{"x":0.833,"y":0.835},"o":{"x":0.167,"y":0.121},"t":25,"s":[996.324,607.677,0],"to":[-0.178,0.22,0],"ti":[0.177,-0.549,0]},{"i":{"x":0.833,"y":0.835},"o":{"x":0.167,"y":0.168},"t":26,"s":[995.79,609.334,0],"to":[-0.177,0.549,0],"ti":[0.176,-0.541,0]},{"i":{"x":0.833,"y":0.835},"o":{"x":0.167,"y":0.168},"t":27,"s":[995.259,610.97,0],"to":[-0.176,0.541,0],"ti":[0.175,-0.531,0]},{"i":{"x":0.833,"y":0.835},"o":{"x":0.167,"y":0.168},"t":28,"s":[994.732,612.579,0],"to":[-0.175,0.531,0],"ti":[0.174,-0.519,0]},{"i":{"x":0.833,"y":0.835},"o":{"x":0.167,"y":0.169},"t":29,"s":[994.208,614.156,0],"to":[-0.174,0.519,0],"ti":[0.172,-0.506,0]},{"i":{"x":0.833,"y":0.836},"o":{"x":0.167,"y":0.169},"t":30,"s":[993.688,615.695,0],"to":[-0.172,0.506,0],"ti":[0.171,-0.491,0]},{"i":{"x":0.833,"y":0.836},"o":{"x":0.167,"y":0.169},"t":31,"s":[993.173,617.193,0],"to":[-0.171,0.491,0],"ti":[0.169,-0.475,0]},{"i":{"x":0.833,"y":0.836},"o":{"x":0.167,"y":0.169},"t":32,"s":[992.663,618.643,0],"to":[-0.169,0.475,0],"ti":[0.167,-0.457,0]},{"i":{"x":0.833,"y":0.837},"o":{"x":0.167,"y":0.17},"t":33,"s":[992.159,620.041,0],"to":[-0.167,0.457,0],"ti":[0.165,-0.437,0]},{"i":{"x":0.833,"y":0.837},"o":{"x":0.167,"y":0.17},"t":34,"s":[991.66,621.383,0],"to":[-0.165,0.437,0],"ti":[0.163,-0.417,0]},{"i":{"x":0.833,"y":0.837},"o":{"x":0.167,"y":0.171},"t":35,"s":[991.166,622.666,0],"to":[-0.163,0.417,0],"ti":[0.161,-0.395,0]},{"i":{"x":0.833,"y":0.838},"o":{"x":0.167,"y":0.171},"t":36,"s":[990.679,623.884,0],"to":[-0.161,0.395,0],"ti":[0.159,-0.372,0]},{"i":{"x":0.833,"y":0.838},"o":{"x":0.167,"y":0.171},"t":37,"s":[990.199,625.036,0],"to":[-0.159,0.372,0],"ti":[0.157,-0.348,0]},{"i":{"x":0.833,"y":0.839},"o":{"x":0.167,"y":0.172},"t":38,"s":[989.725,626.117,0],"to":[-0.157,0.348,0],"ti":[0.155,-0.323,0]},{"i":{"x":0.833,"y":0.839},"o":{"x":0.167,"y":0.172},"t":39,"s":[989.257,627.126,0],"to":[-0.155,0.323,0],"ti":[0.152,-0.298,0]},{"i":{"x":0.833,"y":0.84},"o":{"x":0.167,"y":0.173},"t":40,"s":[988.797,628.058,0],"to":[-0.152,0.298,0],"ti":[0.15,-0.271,0]},{"i":{"x":0.833,"y":0.84},"o":{"x":0.167,"y":0.174},"t":41,"s":[988.343,628.912,0],"to":[-0.15,0.271,0],"ti":[0.148,-0.244,0]},{"i":{"x":0.833,"y":0.841},"o":{"x":0.167,"y":0.174},"t":42,"s":[987.897,629.685,0],"to":[-0.148,0.244,0],"ti":[0.145,-0.216,0]},{"i":{"x":0.833,"y":0.841},"o":{"x":0.167,"y":0.175},"t":43,"s":[987.458,630.376,0],"to":[-0.145,0.216,0],"ti":[0.143,-0.188,0]},{"i":{"x":0.833,"y":0.842},"o":{"x":0.167,"y":0.176},"t":44,"s":[987.027,630.983,0],"to":[-0.143,0.188,0],"ti":[0.14,-0.159,0]},{"i":{"x":0.833,"y":0.842},"o":{"x":0.167,"y":0.176},"t":45,"s":[986.602,631.505,0],"to":[-0.14,0.159,0],"ti":[0.138,-0.13,0]},{"i":{"x":0.833,"y":0.842},"o":{"x":0.167,"y":0.177},"t":46,"s":[986.185,631.939,0],"to":[-0.138,0.13,0],"ti":[0.135,-0.101,0]},{"i":{"x":0.833,"y":0.842},"o":{"x":0.167,"y":0.177},"t":47,"s":[985.775,632.287,0],"to":[-0.135,0.101,0],"ti":[0.133,-0.072,0]},{"i":{"x":0.833,"y":0.84},"o":{"x":0.167,"y":0.176},"t":48,"s":[985.372,632.546,0],"to":[-0.133,0.072,0],"ti":[0.131,-0.042,0]},{"i":{"x":0.833,"y":0.837},"o":{"x":0.167,"y":0.174},"t":49,"s":[984.977,632.716,0],"to":[-0.131,0.042,0],"ti":[0.128,-0.013,0]},{"i":{"x":0.833,"y":0.832},"o":{"x":0.167,"y":0.17},"t":50,"s":[984.589,632.798,0],"to":[-0.128,0.013,0],"ti":[0.126,0.017,0]},{"i":{"x":0.833,"y":0.828},"o":{"x":0.167,"y":0.166},"t":51,"s":[984.207,632.791,0],"to":[-0.126,-0.017,0],"ti":[0.124,0.046,0]},{"i":{"x":0.833,"y":0.825},"o":{"x":0.167,"y":0.162},"t":52,"s":[983.832,632.697,0],"to":[-0.124,-0.046,0],"ti":[0.122,0.075,0]},{"i":{"x":0.833,"y":0.824},"o":{"x":0.167,"y":0.159},"t":53,"s":[983.464,632.514,0],"to":[-0.122,-0.075,0],"ti":[0.12,0.104,0]},{"i":{"x":0.833,"y":0.824},"o":{"x":0.167,"y":0.158},"t":54,"s":[983.102,632.246,0],"to":[-0.12,-0.104,0],"ti":[0.118,0.132,0]},{"i":{"x":0.833,"y":0.824},"o":{"x":0.167,"y":0.158},"t":55,"s":[982.747,631.892,0],"to":[-0.118,-0.132,0],"ti":[0.116,0.16,0]},{"i":{"x":0.833,"y":0.825},"o":{"x":0.167,"y":0.158},"t":56,"s":[982.397,631.453,0],"to":[-0.116,-0.16,0],"ti":[0.114,0.187,0]},{"i":{"x":0.833,"y":0.825},"o":{"x":0.167,"y":0.159},"t":57,"s":[982.053,630.933,0],"to":[-0.114,-0.187,0],"ti":[0.112,0.213,0]},{"i":{"x":0.833,"y":0.826},"o":{"x":0.167,"y":0.159},"t":58,"s":[981.715,630.332,0],"to":[-0.112,-0.213,0],"ti":[0.11,0.239,0]},{"i":{"x":0.833,"y":0.827},"o":{"x":0.167,"y":0.16},"t":59,"s":[981.381,629.654,0],"to":[-0.11,-0.239,0],"ti":[0.109,0.264,0]},{"i":{"x":0.833,"y":0.827},"o":{"x":0.167,"y":0.161},"t":60,"s":[981.052,628.899,0],"to":[-0.109,-0.264,0],"ti":[0.108,0.287,0]},{"i":{"x":0.833,"y":0.828},"o":{"x":0.167,"y":0.161},"t":61,"s":[980.727,628.072,0],"to":[-0.108,-0.287,0],"ti":[0.106,0.31,0]},{"i":{"x":0.833,"y":0.83},"o":{"x":0.167,"y":0.162},"t":62,"s":[980.406,627.174,0],"to":[-0.106,-0.31,0],"ti":[0.104,0.33,0]},{"i":{"x":0.833,"y":0.836},"o":{"x":0.167,"y":0.163},"t":63,"s":[980.088,626.21,0],"to":[-0.104,-0.33,0],"ti":[0.093,0.335,0]},{"i":{"x":0.833,"y":0.837},"o":{"x":0.167,"y":0.169},"t":64,"s":[979.782,625.195,0],"to":[-0.093,-0.335,0],"ti":[0.075,0.327,0]},{"i":{"x":0.833,"y":0.836},"o":{"x":0.167,"y":0.17},"t":65,"s":[979.529,624.199,0],"to":[-0.075,-0.327,0],"ti":[0.056,0.318,0]},{"i":{"x":0.833,"y":0.836},"o":{"x":0.167,"y":0.17},"t":66,"s":[979.334,623.231,0],"to":[-0.056,-0.318,0],"ti":[0.038,0.31,0]},{"i":{"x":0.833,"y":0.836},"o":{"x":0.167,"y":0.169},"t":67,"s":[979.194,622.289,0],"to":[-0.038,-0.31,0],"ti":[0.021,0.303,0]},{"i":{"x":0.833,"y":0.835},"o":{"x":0.167,"y":0.169},"t":68,"s":[979.105,621.369,0],"to":[-0.021,-0.303,0],"ti":[0.006,0.296,0]},{"i":{"x":0.833,"y":0.835},"o":{"x":0.167,"y":0.169},"t":69,"s":[979.065,620.471,0],"to":[-0.006,-0.296,0],"ti":[-0.009,0.29,0]},{"i":{"x":0.833,"y":0.835},"o":{"x":0.167,"y":0.168},"t":70,"s":[979.072,619.593,0],"to":[0.009,-0.29,0],"ti":[-0.023,0.284,0]},{"i":{"x":0.833,"y":0.834},"o":{"x":0.167,"y":0.168},"t":71,"s":[979.121,618.732,0],"to":[0.023,-0.284,0],"ti":[-0.036,0.279,0]},{"i":{"x":0.833,"y":0.834},"o":{"x":0.167,"y":0.168},"t":72,"s":[979.212,617.887,0],"to":[0.036,-0.279,0],"ti":[-0.049,0.275,0]},{"i":{"x":0.833,"y":0.834},"o":{"x":0.167,"y":0.167},"t":73,"s":[979.34,617.056,0],"to":[0.049,-0.275,0],"ti":[-0.06,0.271,0]},{"i":{"x":0.833,"y":0.833},"o":{"x":0.167,"y":0.167},"t":74,"s":[979.503,616.238,0],"to":[0.06,-0.271,0],"ti":[-0.07,0.268,0]},{"i":{"x":0.833,"y":0.833},"o":{"x":0.167,"y":0.167},"t":75,"s":[979.699,615.43,0],"to":[0.07,-0.268,0],"ti":[-0.08,0.265,0]},{"i":{"x":0.833,"y":0.833},"o":{"x":0.167,"y":0.167},"t":76,"s":[979.926,614.631,0],"to":[0.08,-0.265,0],"ti":[-0.089,0.263,0]},{"i":{"x":0.833,"y":0.833},"o":{"x":0.167,"y":0.166},"t":77,"s":[980.18,613.839,0],"to":[0.089,-0.263,0],"ti":[-0.097,0.261,0]},{"i":{"x":0.833,"y":0.833},"o":{"x":0.167,"y":0.166},"t":78,"s":[980.459,613.054,0],"to":[0.097,-0.261,0],"ti":[-0.104,0.26,0]},{"i":{"x":0.833,"y":0.833},"o":{"x":0.167,"y":0.166},"t":79,"s":[980.761,612.273,0],"to":[0.104,-0.26,0],"ti":[-0.11,0.259,0]},{"i":{"x":0.833,"y":0.833},"o":{"x":0.167,"y":0.166},"t":80,"s":[981.084,611.495,0],"to":[0.11,-0.259,0],"ti":[-0.116,0.259,0]},{"i":{"x":0.833,"y":0.833},"o":{"x":0.167,"y":0.166},"t":81,"s":[981.424,610.719,0],"to":[0.116,-0.259,0],"ti":[-0.121,0.259,0]},{"i":{"x":0.833,"y":0.833},"o":{"x":0.167,"y":0.166},"t":82,"s":[981.78,609.943,0],"to":[0.121,-0.259,0],"ti":[-0.125,0.259,0]},{"i":{"x":0.833,"y":0.833},"o":{"x":0.167,"y":0.166},"t":83,"s":[982.15,609.166,0],"to":[0.125,-0.259,0],"ti":[-0.129,0.26,0]},{"i":{"x":0.833,"y":0.833},"o":{"x":0.167,"y":0.166},"t":84,"s":[982.531,608.388,0],"to":[0.129,-0.26,0],"ti":[-0.131,0.261,0]},{"i":{"x":0.833,"y":0.833},"o":{"x":0.167,"y":0.166},"t":85,"s":[982.921,607.606,0],"to":[0.131,-0.261,0],"ti":[-0.133,0.263,0]},{"i":{"x":0.833,"y":0.833},"o":{"x":0.167,"y":0.166},"t":86,"s":[983.318,606.82,0],"to":[0.133,-0.263,0],"ti":[-0.134,0.265,0]},{"i":{"x":0.833,"y":0.833},"o":{"x":0.167,"y":0.166},"t":87,"s":[983.72,606.028,0],"to":[0.134,-0.265,0],"ti":[-0.135,0.267,0]},{"i":{"x":0.833,"y":0.833},"o":{"x":0.167,"y":0.166},"t":88,"s":[984.125,605.23,0],"to":[0.135,-0.267,0],"ti":[-0.135,0.27,0]},{"i":{"x":0.833,"y":0.833},"o":{"x":0.167,"y":0.166},"t":89,"s":[984.531,604.425,0],"to":[0.135,-0.27,0],"ti":[-0.134,0.273,0]},{"i":{"x":0.833,"y":0.833},"o":{"x":0.167,"y":0.166},"t":90,"s":[984.935,603.612,0],"to":[0.134,-0.273,0],"ti":[-0.133,0.276,0]},{"i":{"x":0.833,"y":0.833},"o":{"x":0.167,"y":0.166},"t":91,"s":[985.337,602.79,0],"to":[0.133,-0.276,0],"ti":[-0.131,0.279,0]},{"i":{"x":0.833,"y":0.833},"o":{"x":0.167,"y":0.166},"t":92,"s":[985.733,601.958,0],"to":[0.131,-0.279,0],"ti":[-0.129,0.283,0]},{"i":{"x":0.833,"y":0.833},"o":{"x":0.167,"y":0.166},"t":93,"s":[986.123,601.115,0],"to":[0.129,-0.283,0],"ti":[-0.125,0.287,0]},{"i":{"x":0.833,"y":0.833},"o":{"x":0.167,"y":0.166},"t":94,"s":[986.504,600.261,0],"to":[0.125,-0.287,0],"ti":[-0.122,0.291,0]},{"i":{"x":0.833,"y":0.833},"o":{"x":0.167,"y":0.166},"t":95,"s":[986.875,599.395,0],"to":[0.122,-0.291,0],"ti":[-0.117,0.295,0]},{"i":{"x":0.833,"y":0.833},"o":{"x":0.167,"y":0.166},"t":96,"s":[987.234,598.517,0],"to":[0.117,-0.295,0],"ti":[-0.112,0.299,0]},{"i":{"x":0.833,"y":0.833},"o":{"x":0.167,"y":0.166},"t":97,"s":[987.579,597.626,0],"to":[0.112,-0.299,0],"ti":[-0.107,0.304,0]},{"i":{"x":0.833,"y":0.833},"o":{"x":0.167,"y":0.166},"t":98,"s":[987.909,596.721,0],"to":[0.107,-0.304,0],"ti":[-0.101,0.309,0]},{"i":{"x":0.833,"y":0.833},"o":{"x":0.167,"y":0.166},"t":99,"s":[988.222,595.802,0],"to":[0.101,-0.309,0],"ti":[-0.095,0.313,0]},{"i":{"x":0.833,"y":0.833},"o":{"x":0.167,"y":0.166},"t":100,"s":[988.516,594.869,0],"to":[0.095,-0.313,0],"ti":[-0.088,0.318,0]},{"i":{"x":0.833,"y":0.833},"o":{"x":0.167,"y":0.166},"t":101,"s":[988.791,593.921,0],"to":[0.088,-0.318,0],"ti":[-0.081,0.323,0]},{"i":{"x":0.833,"y":0.833},"o":{"x":0.167,"y":0.166},"t":102,"s":[989.044,592.959,0],"to":[0.081,-0.323,0],"ti":[-0.073,0.328,0]},{"i":{"x":0.833,"y":0.832},"o":{"x":0.167,"y":0.166},"t":103,"s":[989.274,591.981,0],"to":[0.073,-0.328,0],"ti":[-0.064,0.334,0]},{"i":{"x":0.833,"y":0.832},"o":{"x":0.167,"y":0.166},"t":104,"s":[989.48,590.988,0],"to":[0.064,-0.334,0],"ti":[-0.056,0.339,0]},{"i":{"x":0.833,"y":0.832},"o":{"x":0.167,"y":0.166},"t":105,"s":[989.66,589.979,0],"to":[0.056,-0.339,0],"ti":[-0.046,0.344,0]},{"i":{"x":0.833,"y":0.832},"o":{"x":0.167,"y":0.166},"t":106,"s":[989.814,588.955,0],"to":[0.046,-0.344,0],"ti":[-0.037,0.349,0]},{"i":{"x":0.833,"y":0.832},"o":{"x":0.167,"y":0.166},"t":107,"s":[989.939,587.916,0],"to":[0.037,-0.349,0],"ti":[-0.027,0.354,0]},{"i":{"x":0.833,"y":0.832},"o":{"x":0.167,"y":0.166},"t":108,"s":[990.035,586.861,0],"to":[0.027,-0.354,0],"ti":[-0.017,0.359,0]},{"i":{"x":0.833,"y":0.832},"o":{"x":0.167,"y":0.166},"t":109,"s":[990.101,585.79,0],"to":[0.017,-0.359,0],"ti":[-0.006,0.364,0]},{"i":{"x":0.833,"y":0.832},"o":{"x":0.167,"y":0.166},"t":110,"s":[990.135,584.704,0],"to":[0.006,-0.364,0],"ti":[0.005,0.369,0]},{"i":{"x":0.833,"y":0.832},"o":{"x":0.167,"y":0.166},"t":111,"s":[990.136,583.603,0],"to":[-0.005,-0.369,0],"ti":[0.017,0.374,0]},{"i":{"x":0.833,"y":0.832},"o":{"x":0.167,"y":0.165},"t":112,"s":[990.103,582.488,0],"to":[-0.017,-0.374,0],"ti":[0.028,0.379,0]},{"i":{"x":0.833,"y":0.832},"o":{"x":0.167,"y":0.165},"t":113,"s":[990.036,581.357,0],"to":[-0.028,-0.379,0],"ti":[0.04,0.384,0]},{"i":{"x":0.833,"y":0.832},"o":{"x":0.167,"y":0.165},"t":114,"s":[989.933,580.212,0],"to":[-0.04,-0.384,0],"ti":[0.053,0.388,0]},{"i":{"x":0.833,"y":0.832},"o":{"x":0.167,"y":0.165},"t":115,"s":[989.793,579.054,0],"to":[-0.053,-0.388,0],"ti":[0.065,0.393,0]},{"i":{"x":0.833,"y":0.832},"o":{"x":0.167,"y":0.165},"t":116,"s":[989.616,577.882,0],"to":[-0.065,-0.393,0],"ti":[0.078,0.397,0]},{"i":{"x":0.833,"y":0.832},"o":{"x":0.167,"y":0.165},"t":117,"s":[989.401,576.697,0],"to":[-0.078,-0.397,0],"ti":[0.092,0.401,0]},{"i":{"x":0.833,"y":0.832},"o":{"x":0.167,"y":0.165},"t":118,"s":[989.146,575.5,0],"to":[-0.092,-0.401,0],"ti":[0.105,0.405,0]},{"i":{"x":0.833,"y":0.832},"o":{"x":0.167,"y":0.165},"t":119,"s":[988.851,574.29,0],"to":[-0.105,-0.405,0],"ti":[0.119,0.409,0]},{"i":{"x":0.833,"y":0.832},"o":{"x":0.167,"y":0.165},"t":120,"s":[988.516,573.07,0],"to":[-0.119,-0.409,0],"ti":[0.132,0.412,0]},{"i":{"x":0.833,"y":0.832},"o":{"x":0.167,"y":0.165},"t":121,"s":[988.139,571.839,0],"to":[-0.132,-0.412,0],"ti":[0.147,0.415,0]},{"i":{"x":0.833,"y":0.834},"o":{"x":0.167,"y":0.165},"t":122,"s":[987.721,570.599,0],"to":[-0.147,-0.415,0],"ti":[0.162,0.412,0]},{"i":{"x":0.833,"y":0.843},"o":{"x":0.167,"y":0.167},"t":123,"s":[987.26,569.35,0],"to":[-0.162,-0.412,0],"ti":[0.18,0.374,0]},{"i":{"x":0.833,"y":0.844},"o":{"x":0.167,"y":0.178},"t":124,"s":[986.752,568.126,0],"to":[-0.18,-0.374,0],"ti":[0.202,0.303,0]},{"i":{"x":0.833,"y":0.843},"o":{"x":0.167,"y":0.179},"t":125,"s":[986.177,567.108,0],"to":[-0.202,-0.303,0],"ti":[0.221,0.231,0]},{"i":{"x":0.833,"y":0.84},"o":{"x":0.167,"y":0.177},"t":126,"s":[985.54,566.311,0],"to":[-0.221,-0.231,0],"ti":[0.238,0.162,0]},{"i":{"x":0.833,"y":0.836},"o":{"x":0.167,"y":0.174},"t":127,"s":[984.848,565.724,0],"to":[-0.238,-0.162,0],"ti":[0.253,0.098,0]},{"i":{"x":0.973,"y":0},"o":{"x":0.167,"y":0.17},"t":128,"s":[984.11,565.337,0],"to":[-0.253,-0.098,0],"ti":[0.265,0.037,0]},{"i":{"x":0.833,"y":0.935},"o":{"x":0.167,"y":0.084},"t":129,"s":[983.332,565.138,0],"to":[-0.265,-0.037,0],"ti":[0.135,-66.83,0]},{"i":{"x":0.52,"y":0.96},"o":{"x":0.48,"y":0.04},"t":130,"s":[982.521,565.117,0],"to":[-0.135,66.83,0],"ti":[0,-66.833,0]},{"t":149,"s":[982.521,966.117,0]}],"ix":2},"a":{"a":0,"k":[0,0,0],"ix":1},"s":{"a":0,"k":[177.753,177.753,100],"ix":6}},"ao":0,"shapes":[{"ty":"gr","it":[{"ind":0,"ty":"sh","ix":1,"ks":{"a":0,"k":{"i":[[1.75,1.25],[0,0],[1,-2.25],[1.25,-1.25],[6.25,-6.5],[0,0],[1,-0.75],[-3.25,-3],[0,0],[0,0],[-1.25,0],[0,0],[0,0],[3.25,5],[0,0]],"o":[[-1.75,-1.25],[0,0],[-1,2.25],[-1.25,1.25],[-6.25,6.5],[0,0],[-1,0.75],[3.25,3],[0,0],[0,0],[1.25,0],[0,0],[0,0],[-3.25,-5],[0,0]],"v":[[-348.25,-43],[-364.25,-42.25],[-374.5,-24.75],[-390.75,-7.25],[-412.75,14.5],[-436.25,26.25],[-458,36.5],[-460.5,43.75],[-438.5,50.25],[-414.5,51.5],[-387.75,58.25],[-314.75,59.5],[-302,31],[-315,6.5],[-327.5,-17.75]],"c":true},"ix":2},"nm":"Path 1","mn":"ADBE Vector Shape - Group","hd":false},{"ty":"st","c":{"a":0,"k":[0.407842987659,0.784313964844,0.968627989526,1],"ix":3},"o":{"a":0,"k":100,"ix":4},"w":{"a":0,"k":0,"ix":5},"lc":1,"lj":1,"ml":4,"bm":0,"nm":"Stroke 1","mn":"ADBE Vector Graphic - Stroke","hd":false},{"ty":"gf","o":{"a":0,"k":100,"ix":10},"r":1,"bm":0,"g":{"p":7,"k":{"a":0,"k":[0,0.486,0.671,0.733,0.106,0.457,0.639,0.704,0.22,0.427,0.608,0.675,0.415,0.492,0.665,0.729,0.61,0.557,0.722,0.784,0.804,0.704,0.812,0.861,0.998,0.851,0.902,0.937],"ix":9}},"s":{"a":0,"k":[-369.5,-58.25],"ix":5},"e":{"a":0,"k":[-424,110.5],"ix":6},"t":1,"nm":"Gradient Fill 1","mn":"ADBE Vector Graphic - G-Fill","hd":false},{"ty":"tr","p":{"a":0,"k":[0,0],"ix":2},"a":{"a":0,"k":[0,0],"ix":1},"s":{"a":0,"k":[100,100],"ix":3},"r":{"a":0,"k":0,"ix":6},"o":{"a":0,"k":100,"ix":7},"sk":{"a":0,"k":0,"ix":4},"sa":{"a":0,"k":0,"ix":5},"nm":"Transform"}],"nm":"Shape 3","np":3,"cix":2,"bm":0,"ix":1,"mn":"ADBE Vector Group","hd":false},{"ty":"gr","it":[{"ind":0,"ty":"sh","ix":1,"ks":{"a":0,"k":{"i":[[-4.439,-1.377],[-11.392,-10.24],[-7.997,-3.507],[-14.25,0],[-14.939,-5.573],[-12.903,-1.574],[-3,0.5],[0,0],[16.5,5],[11.5,1.5],[13.5,7],[5.5,5],[8.5,1.5],[6,0.5],[1.098,-1.799],[-2.342,-2.547]],"o":[[7.191,2.23],[16.539,14.867],[7.831,3.435],[8.912,0],[25.371,9.465],[20.5,2.5],[3,-0.5],[0,0],[-16.5,-5],[-11.5,-1.5],[-13.5,-7],[-5.5,-5],[-8.5,-1.5],[-2.338,-0.195],[-0.944,1.546],[1.925,2.093]],"v":[[-28.5,-70.375],[8.517,-53.385],[56.75,-26.25],[115.5,0.5],[154.694,11.4],[220,34.5],[272,39],[274,32.5],[187,7.5],[129,-10.5],[74.5,-33],[36,-55.5],[11,-72],[-37.5,-77],[-45.207,-76.224],[-41.105,-72.644]],"c":true},"ix":2},"nm":"Path 1","mn":"ADBE Vector Shape - Group","hd":false},{"ty":"st","c":{"a":0,"k":[0.407842987659,0.784313964844,0.968627989526,1],"ix":3},"o":{"a":0,"k":100,"ix":4},"w":{"a":0,"k":0,"ix":5},"lc":1,"lj":1,"ml":4,"bm":0,"nm":"Stroke 1","mn":"ADBE Vector Graphic - Stroke","hd":false},{"ty":"gf","o":{"a":0,"k":100,"ix":10},"r":1,"bm":0,"g":{"p":5,"k":{"a":0,"k":[0.002,0.78,0.855,0.886,0.107,0.735,0.833,0.875,0.22,0.69,0.81,0.863,0.609,0.77,0.856,0.9,0.998,0.849,0.901,0.937],"ix":9}},"s":{"a":0,"k":[0,0],"ix":5},"e":{"a":0,"k":[100,0],"ix":6},"t":1,"nm":"Gradient Fill 1","mn":"ADBE Vector Graphic - G-Fill","hd":false},{"ty":"tr","p":{"a":0,"k":[-1.5,0.5],"ix":2},"a":{"a":0,"k":[0,0],"ix":1},"s":{"a":0,"k":[100,100],"ix":3},"r":{"a":0,"k":0,"ix":6},"o":{"a":0,"k":100,"ix":7},"sk":{"a":0,"k":0,"ix":4},"sa":{"a":0,"k":0,"ix":5},"nm":"Transform"}],"nm":"Shape 2","np":3,"cix":2,"bm":0,"ix":2,"mn":"ADBE Vector Group","hd":false},{"ty":"gr","it":[{"ind":0,"ty":"sh","ix":1,"ks":{"a":0,"k":{"i":[[14.75,2.25],[11.75,-6.25],[7,-4.75],[1.5,0.75],[0,0],[0.75,-0.25],[4.25,-1],[1.797,-4.901],[0,0],[0,0],[1.75,0],[1.25,-0.75],[4.5,-4.5],[0,0],[0,0],[0,0],[0.75,-0.25],[0,0],[0,0],[0,0],[4.25,-2],[0.75,-1.75],[-2.5,-0.75],[-5,0],[0,0],[-1.25,-0.25],[-0.25,-1.25],[0.983,0.66],[-11.008,0.459],[-24,1.5],[-12.5,0],[3.5,2.5],[-17,-1],[-7.5,2],[4,0],[-20.5,-2.5],[-3,0.5],[0,0],[16.5,5],[11.5,1.5],[13.5,7],[5.5,5],[8.5,1.5],[6,0.5],[8.5,5.5],[9,0],[11.312,-2.301],[5.25,-0.25],[5.25,-2],[0,0],[4.75,0.25],[0,0]],"o":[[-14.75,-2.25],[-11.75,6.25],[-7,4.75],[-1.5,-0.75],[0,0],[-0.75,0.25],[-4.25,1],[-2.75,7.5],[0,0],[0,0],[-1.75,0],[-1.25,0.75],[-4.5,4.5],[0,0],[0,0],[0,0],[-0.75,0.25],[0,0],[0,0],[0,0],[-4.25,2],[-0.881,2.055],[2.5,0.75],[5,0],[0,0],[1.25,0.25],[0.021,0.103],[-0.983,-0.66],[12,-0.5],[24,-1.5],[12.5,0],[-3.5,-2.5],[17,1],[7.5,-2],[-4,0],[20.5,2.5],[3,-0.5],[0,0],[-16.5,-5],[-11.5,-1.5],[-13.5,-7],[-5.5,-5],[-8.5,-1.5],[-6,-0.5],[-8.5,-5.5],[-9,0],[-14.75,3],[-5.25,0.25],[-5.25,2],[0,0],[-4.75,-0.25],[0,0]],"v":[[-215,-102.5],[-239,-98.25],[-319.75,-46.25],[-336.25,-49.5],[-345.25,-52.75],[-350.5,-49.75],[-355.5,-53.25],[-360.25,-48.5],[-368,-39.75],[-369,-36.25],[-373.5,-31],[-380,-30.5],[-389.75,-21.75],[-399.5,-13.25],[-414,-4.25],[-429,3],[-438.25,11],[-450,18.75],[-450.5,22.25],[-446,27],[-442.5,29.5],[-458.25,38],[-455.75,43.25],[-441.5,47.75],[-415,51.5],[-408.25,52],[-403.5,60.25],[-397.267,60.66],[-72.5,67.5],[52.5,58.5],[120.5,59.5],[137,49.5],[152,43.5],[186,46],[186.5,36.5],[220,34.5],[272,39],[274,32.5],[187,7.5],[129,-10.5],[74.5,-33],[36,-55.5],[11,-72],[-37.5,-77],[-65.5,-81.5],[-83.5,-90],[-106.5,-84],[-119,-80.5],[-127.5,-84],[-138,-81.25],[-150,-86.75],[-178.75,-88]],"c":true},"ix":2},"nm":"Path 1","mn":"ADBE Vector Shape - Group","hd":false},{"ty":"st","c":{"a":0,"k":[0.407842987659,0.784313964844,0.968627989526,1],"ix":3},"o":{"a":0,"k":100,"ix":4},"w":{"a":0,"k":0,"ix":5},"lc":1,"lj":1,"ml":4,"bm":0,"nm":"Stroke 1","mn":"ADBE Vector Graphic - Stroke","hd":false},{"ty":"gf","o":{"a":0,"k":100,"ix":10},"r":1,"bm":0,"g":{"p":5,"k":{"a":0,"k":[0,0.557,0.737,0.812,0.106,0.531,0.712,0.782,0.22,0.506,0.686,0.753,0.609,0.678,0.794,0.845,0.998,0.851,0.902,0.937],"ix":9}},"s":{"a":0,"k":[-266.5,-152.5],"ix":5},"e":{"a":0,"k":[-190,67.5],"ix":6},"t":1,"nm":"Gradient Fill 1","mn":"ADBE Vector Graphic - G-Fill","hd":false},{"ty":"tr","p":{"a":0,"k":[-1.5,0.5],"ix":2},"a":{"a":0,"k":[0,0],"ix":1},"s":{"a":0,"k":[100,100],"ix":3},"r":{"a":0,"k":0,"ix":6},"o":{"a":0,"k":100,"ix":7},"sk":{"a":0,"k":0,"ix":4},"sa":{"a":0,"k":0,"ix":5},"nm":"Transform"}],"nm":"Shape 1","np":3,"cix":2,"bm":0,"ix":3,"mn":"ADBE Vector Group","hd":false}],"ip":0,"op":150,"st":0,"bm":0},{"ddd":0,"ind":9,"ty":4,"nm":"Sun - 1","sr":1,"ks":{"o":{"a":0,"k":100,"ix":11},"r":{"a":0,"k":239.885,"ix":10},"p":{"a":0,"k":[460.858,445.72,0],"ix":2},"a":{"a":0,"k":[183.32,-121.68,0],"ix":1},"s":{"a":1,"k":[{"i":{"x":[0.52,0.52,0.52],"y":[0.96,0.96,1]},"o":{"x":[0.48,0.48,0.48],"y":[0.04,0.04,0]},"t":0,"s":[0,0,100]},{"i":{"x":[0.58,0.58,0.58],"y":[1,1,1]},"o":{"x":[0.42,0.42,0.42],"y":[0,0,0]},"t":20,"s":[272.506,272.506,100]},{"i":{"x":[0.52,0.52,0.52],"y":[1.04,1.04,1]},"o":{"x":[0.48,0.48,0.48],"y":[0,0,0]},"t":130,"s":[272.506,272.506,100]},{"t":150,"s":[0,0,100]}],"ix":6,"x":"var $bm_rt;\nvar t;\nvar amp = 1.1;\nvar freq = 2;\nvar decay = 2;\nvar n = 0;\nif (numKeys > 0) {\n    $bm_rt = n = nearestKey(time).index;\n    if (key(n).time > time) {\n        n--;\n    }\n}\nif (n == 0) {\n    $bm_rt = t = 0;\n} else {\n    $bm_rt = t = $bm_sub(time, key(n).time);\n}\nif (n > 0) {\n    var v = velocityAtTime($bm_sub(key(n).time, $bm_div(thisComp.frameDuration, 10)));\n    $bm_rt = $bm_sum(value, $bm_div($bm_mul($bm_mul(v, amp), Math.sin($bm_mul($bm_mul($bm_mul(freq, t), 2), Math.PI))), Math.exp($bm_mul(decay, t))));\n} else {\n    $bm_rt = value;\n}"}},"ao":0,"shapes":[{"ty":"gr","it":[{"d":1,"ty":"el","s":{"a":0,"k":[166.641,166.641],"ix":2},"p":{"a":0,"k":[0,0],"ix":3},"nm":"Ellipse Path 1","mn":"ADBE Vector Shape - Ellipse","hd":false},{"ty":"st","c":{"a":0,"k":[0.266666995778,0.917646998985,0.733332974303,1],"ix":3},"o":{"a":0,"k":100,"ix":4},"w":{"a":0,"k":0,"ix":5},"lc":1,"lj":1,"ml":4,"bm":0,"nm":"Stroke 1","mn":"ADBE Vector Graphic - Stroke","hd":false},{"ty":"gf","o":{"a":0,"k":100,"ix":10},"r":1,"bm":0,"g":{"p":3,"k":{"a":0,"k":[0,0.524,0.846,0.977,0.479,0.758,0.884,0.852,0.997,0.992,0.922,0.726],"ix":9}},"s":{"a":0,"k":[107.999,-2.616],"ix":5},"e":{"a":0,"k":[-102.111,6.453],"ix":6},"t":1,"nm":"Gradient Fill 1","mn":"ADBE Vector Graphic - G-Fill","hd":false},{"ty":"tr","p":{"a":0,"k":[183.32,-121.68],"ix":2},"a":{"a":0,"k":[0,0],"ix":1},"s":{"a":0,"k":[100,100],"ix":3},"r":{"a":0,"k":0,"ix":6},"o":{"a":0,"k":100,"ix":7},"sk":{"a":0,"k":0,"ix":4},"sa":{"a":0,"k":0,"ix":5},"nm":"Transform"}],"nm":"Ellipse 1","np":3,"cix":2,"bm":0,"ix":1,"mn":"ADBE Vector Group","hd":false}],"ip":0,"op":150,"st":0,"bm":0}],"markers":[]}