{"v":"5.7.6","fr":29.9700012207031,"ip":0,"op":150.000006109625,"w":1920,"h":1080,"nm":"404P02","ddd":0,"assets":[{"id":"image_0","w":1,"h":1,"u":"images/","p":"img_0.png","e":0},{"id":"image_1","w":1,"h":1,"u":"images/","p":"img_1.png","e":0}],"fonts":{"list":[{"fName":"Alata-Regular","fFamily":"Alata","fStyle":"Regular","ascent":73.49853515625}]},"layers":[{"ddd":0,"ind":1,"ty":5,"nm":"Error 404","sr":1,"ks":{"o":{"a":1,"k":[{"i":{"x":[0.833],"y":[0.833]},"o":{"x":[0.167],"y":[0.167]},"t":71,"s":[0]},{"i":{"x":[0.833],"y":[0.833]},"o":{"x":[0.167],"y":[0.167]},"t":73,"s":[100]},{"i":{"x":[0.833],"y":[0.833]},"o":{"x":[0.167],"y":[0.167]},"t":75,"s":[0]},{"t":78.0000031770051,"s":[100]}],"ix":11},"r":{"a":0,"k":0,"ix":10},"p":{"a":0,"k":[1077,1127,0],"ix":2,"l":2},"a":{"a":0,"k":[0,0,0],"ix":1,"l":2},"s":{"a":0,"k":[119,119,100],"ix":6,"l":2}},"ao":0,"t":{"d":{"k":[{"s":{"sz":[660,304],"ps":[-330,-152],"s":100,"f":"Alata-Regular","t":"Error 404","ca":0,"j":3,"tr":0,"lh":120,"ls":0,"fc":[0.031,0.424,0.486]},"t":0}]},"p":{},"m":{"g":1,"a":{"a":0,"k":[0,0],"ix":2}},"a":[]},"ip":0,"op":150.000006109625,"st":0,"bm":0},{"ddd":0,"ind":2,"ty":4,"nm":"Wave 1 Outlines","sr":1,"ks":{"o":{"a":0,"k":100,"ix":11},"r":{"a":0,"k":0,"ix":10},"p":{"a":1,"k":[{"i":{"x":0.667,"y":1},"o":{"x":0.333,"y":0},"t":0,"s":[1745.337,885.502,0],"to":[0,0,0],"ti":[0,0,0]},{"i":{"x":0.667,"y":1},"o":{"x":0.333,"y":0},"t":76,"s":[200,885.502,0],"to":[0,0,0],"ti":[0,0,0]},{"t":149.000006068894,"s":[1745.337,885.502,0]}],"ix":2,"l":2},"a":{"a":0,"k":[974.495,42.937,0],"ix":1,"l":2},"s":{"a":0,"k":[183,100,100],"ix":6,"l":2}},"ao":0,"shapes":[{"ty":"gr","it":[{"ind":0,"ty":"sh","ix":1,"ks":{"a":0,"k":{"i":[[0,0],[95.949,-0.308],[95.948,-0.309],[95.95,-0.308],[95.949,-0.309],[95.947,-0.31],[95.948,-0.31],[95.949,-0.309],[95.949,-0.309],[95.953,-0.308],[95.953,-0.31]],"o":[[-95.948,0.309],[-95.949,0.31],[-95.949,0.31],[-95.949,0.31],[-95.947,0.309],[-95.948,0.308],[-95.95,0.309],[-95.949,0.309],[-95.953,0.309],[-95.953,0.31],[0,0]],"v":[[959.495,21.753],[767.437,-27.629],[575.701,22.99],[383.641,-26.393],[191.904,24.227],[-0.151,-25.155],[-191.886,25.464],[-383.946,-23.919],[-575.683,26.7],[-767.75,-22.683],[-959.495,27.937]],"c":false},"ix":2},"nm":"Path 1","mn":"ADBE Vector Shape - Group","hd":false},{"ty":"st","c":{"a":0,"k":[0.030999998953,0.423999980852,0.486000001197,1],"ix":3},"o":{"a":0,"k":100,"ix":4},"w":{"a":0,"k":6,"ix":5},"lc":2,"lj":2,"bm":0,"nm":"Stroke 1","mn":"ADBE Vector Graphic - Stroke","hd":false},{"ty":"tr","p":{"a":0,"k":[974.495,42.937],"ix":2},"a":{"a":0,"k":[0,0],"ix":1},"s":{"a":0,"k":[100,100],"ix":3},"r":{"a":0,"k":0,"ix":6},"o":{"a":0,"k":100,"ix":7},"sk":{"a":0,"k":0,"ix":4},"sa":{"a":0,"k":0,"ix":5},"nm":"Transform"}],"nm":"Group 1","np":2,"cix":2,"bm":0,"ix":1,"mn":"ADBE Vector Group","hd":false},{"ty":"gr","it":[{"ind":0,"ty":"sh","ix":1,"ks":{"a":0,"k":{"i":[[0,0],[95.949,-0.308],[95.948,-0.309],[95.95,-0.308],[95.949,-0.309],[95.947,-0.31],[95.948,-0.31],[95.949,-0.309],[95.949,-0.309],[95.953,-0.308],[95.953,-0.31]],"o":[[-95.948,0.309],[-95.949,0.31],[-95.949,0.31],[-95.949,0.31],[-95.947,0.309],[-95.948,0.308],[-95.95,0.309],[-95.949,0.309],[-95.953,0.309],[-95.953,0.31],[0,0]],"v":[[959.944,21.753],[767.886,-27.629],[576.15,22.99],[384.09,-26.393],[192.353,24.227],[0.298,-25.155],[-191.437,25.464],[-383.497,-23.919],[-575.234,26.7],[-767.301,-22.683],[-959.046,27.937]],"c":false},"ix":2},"nm":"Path 1","mn":"ADBE Vector Shape - Group","hd":false},{"ty":"fl","c":{"a":0,"k":[0.426999978458,0.773000021542,0.752999997606,1],"ix":4},"o":{"a":0,"k":100,"ix":5},"r":1,"bm":0,"nm":"Fill 1","mn":"ADBE Vector Graphic - Fill","hd":false},{"ty":"tr","p":{"a":0,"k":[974.046,42.937],"ix":2},"a":{"a":0,"k":[0,0],"ix":1},"s":{"a":0,"k":[100,100],"ix":3},"r":{"a":0,"k":0,"ix":6},"o":{"a":0,"k":100,"ix":7},"sk":{"a":0,"k":0,"ix":4},"sa":{"a":0,"k":0,"ix":5},"nm":"Transform"}],"nm":"Group 2","np":4,"cix":2,"bm":0,"ix":2,"mn":"ADBE Vector Group","hd":false}],"ip":0,"op":150.000006109625,"st":0,"bm":0},{"ddd":0,"ind":4,"ty":4,"nm":"Wave 2 Outlines","sr":1,"ks":{"o":{"a":0,"k":100,"ix":11},"r":{"a":0,"k":0,"ix":10},"p":{"a":1,"k":[{"i":{"x":0.667,"y":1},"o":{"x":0.333,"y":0},"t":0,"s":[577.091,857.197,0],"to":[0,0,0],"ti":[0,0,0]},{"i":{"x":0.667,"y":1},"o":{"x":0.333,"y":0},"t":76,"s":[1843.091,857.197,0],"to":[0,0,0],"ti":[0,0,0]},{"t":149.000006068894,"s":[577.091,857.197,0]}],"ix":2,"l":2},"a":{"a":0,"k":[974.492,43.752,0],"ix":1,"l":2},"s":{"a":0,"k":[176,100,100],"ix":6,"l":2}},"ao":0,"shapes":[{"ty":"gr","it":[{"ind":0,"ty":"sh","ix":1,"ks":{"a":0,"k":{"i":[[0,0],[95.947,0.394],[95.949,0.395],[95.948,0.394],[95.949,0.394],[95.946,0.395],[95.948,0.394],[95.949,0.395],[95.948,0.395],[95.953,0.394],[95.952,0.395]],"o":[[-95.947,-0.395],[-95.95,-0.396],[-95.948,-0.395],[-95.95,-0.395],[-95.947,-0.396],[-95.949,-0.395],[-95.95,-0.396],[-95.948,-0.395],[-95.953,-0.395],[-95.953,-0.396],[0,0]],"v":[[959.492,28.752],[767.802,-22.037],[575.698,27.172],[384.007,-23.617],[191.903,25.593],[0.216,-25.197],[-191.885,24.013],[-383.578,-26.777],[-575.681,22.433],[-767.38,-28.356],[-959.492,20.853]],"c":false},"ix":2},"nm":"Path 1","mn":"ADBE Vector Shape - Group","hd":false},{"ty":"st","c":{"a":0,"k":[0.030999998953,0.423999980852,0.486000001197,1],"ix":3},"o":{"a":0,"k":100,"ix":4},"w":{"a":0,"k":6,"ix":5},"lc":2,"lj":2,"bm":0,"nm":"Stroke 1","mn":"ADBE Vector Graphic - Stroke","hd":false},{"ty":"tr","p":{"a":0,"k":[974.492,43.752],"ix":2},"a":{"a":0,"k":[0,0],"ix":1},"s":{"a":0,"k":[100,100],"ix":3},"r":{"a":0,"k":0,"ix":6},"o":{"a":0,"k":100,"ix":7},"sk":{"a":0,"k":0,"ix":4},"sa":{"a":0,"k":0,"ix":5},"nm":"Transform"}],"nm":"Group 1","np":2,"cix":2,"bm":0,"ix":1,"mn":"ADBE Vector Group","hd":false},{"ty":"gr","it":[{"ind":0,"ty":"sh","ix":1,"ks":{"a":0,"k":{"i":[[0,0],[95.947,0.394],[95.949,0.395],[95.948,0.394],[95.949,0.394],[95.946,0.395],[95.948,0.394],[95.949,0.395],[95.948,0.395],[95.953,0.394],[95.952,0.395]],"o":[[-95.947,-0.395],[-95.95,-0.396],[-95.948,-0.395],[-95.95,-0.395],[-95.947,-0.396],[-95.949,-0.395],[-95.95,-0.396],[-95.948,-0.395],[-95.953,-0.395],[-95.953,-0.396],[0,0]],"v":[[961.436,28.752],[769.747,-22.037],[577.643,27.172],[385.952,-23.617],[193.848,25.593],[2.161,-25.197],[-189.941,24.013],[-381.634,-26.777],[-573.736,22.433],[-765.436,-28.356],[-957.547,20.853]],"c":false},"ix":2},"nm":"Path 1","mn":"ADBE Vector Shape - Group","hd":false},{"ty":"fl","c":{"a":0,"k":[0.426999978458,0.773000021542,0.752999997606,1],"ix":4},"o":{"a":0,"k":100,"ix":5},"r":1,"bm":0,"nm":"Fill 1","mn":"ADBE Vector Graphic - Fill","hd":false},{"ty":"tr","p":{"a":0,"k":[972.547,43.752],"ix":2},"a":{"a":0,"k":[0,0],"ix":1},"s":{"a":0,"k":[100,100],"ix":3},"r":{"a":0,"k":0,"ix":6},"o":{"a":0,"k":100,"ix":7},"sk":{"a":0,"k":0,"ix":4},"sa":{"a":0,"k":0,"ix":5},"nm":"Transform"}],"nm":"Group 2","np":4,"cix":2,"bm":0,"ix":2,"mn":"ADBE Vector Group","hd":false}],"ip":0,"op":150.000006109625,"st":0,"bm":0},{"ddd":0,"ind":6,"ty":4,"nm":"Wave 3 Outlines","sr":1,"ks":{"o":{"a":0,"k":100,"ix":11},"r":{"a":0,"k":0,"ix":10},"p":{"a":1,"k":[{"i":{"x":0.667,"y":1},"o":{"x":0.333,"y":0},"t":0,"s":[1662,828.166,0],"to":[0,0,0],"ti":[0,0,0]},{"i":{"x":0.667,"y":1},"o":{"x":0.333,"y":0},"t":76,"s":[128,828.166,0],"to":[0,0,0],"ti":[0,0,0]},{"i":{"x":0.667,"y":0.667},"o":{"x":0.333,"y":0.333},"t":149,"s":[1662,828.166,0],"to":[0,0,0],"ti":[0,0,0]},{"t":179.000007290819,"s":[1662,828.166,0]}],"ix":2,"l":2},"a":{"a":0,"k":[974.495,43.153,0],"ix":1,"l":2},"s":{"a":0,"k":[176,100,100],"ix":6,"l":2}},"ao":0,"shapes":[{"ty":"gr","it":[{"ind":0,"ty":"sh","ix":1,"ks":{"a":0,"k":{"i":[[0,0],[95.949,0.332],[95.949,0.332],[95.95,0.332],[95.949,0.331],[95.948,0.332],[95.948,0.332],[95.95,0.333],[95.948,0.332],[95.953,0.331],[95.953,0.332]],"o":[[-95.948,-0.332],[-95.949,-0.332],[-95.948,-0.332],[-95.949,-0.331],[-95.946,-0.332],[-95.948,-0.332],[-95.949,-0.332],[-95.948,-0.332],[-95.953,-0.332],[-95.953,-0.332],[0,0]],"v":[[959.495,28.152],[767.771,-22.51],[575.699,26.826],[383.974,-23.839],[191.903,25.499],[0.183,-25.165],[-191.886,24.171],[-383.613,-26.493],[-575.682,22.842],[-767.416,-27.82],[-959.495,21.516]],"c":false},"ix":2},"nm":"Path 1","mn":"ADBE Vector Shape - Group","hd":false},{"ty":"st","c":{"a":0,"k":[0.030999998953,0.423999980852,0.486000001197,1],"ix":3},"o":{"a":0,"k":100,"ix":4},"w":{"a":0,"k":6,"ix":5},"lc":2,"lj":2,"bm":0,"nm":"Stroke 1","mn":"ADBE Vector Graphic - Stroke","hd":false},{"ty":"tr","p":{"a":0,"k":[974.495,43.153],"ix":2},"a":{"a":0,"k":[0,0],"ix":1},"s":{"a":0,"k":[100,100],"ix":3},"r":{"a":0,"k":0,"ix":6},"o":{"a":0,"k":100,"ix":7},"sk":{"a":0,"k":0,"ix":4},"sa":{"a":0,"k":0,"ix":5},"nm":"Transform"}],"nm":"Group 1","np":2,"cix":2,"bm":0,"ix":1,"mn":"ADBE Vector Group","hd":false},{"ty":"gr","it":[{"ind":0,"ty":"sh","ix":1,"ks":{"a":0,"k":{"i":[[0,0],[95.949,0.332],[95.949,0.332],[95.95,0.332],[95.949,0.331],[95.948,0.332],[95.948,0.332],[95.95,0.333],[95.948,0.332],[95.953,0.331],[95.953,0.332]],"o":[[-95.948,-0.332],[-95.949,-0.332],[-95.948,-0.332],[-95.949,-0.331],[-95.946,-0.332],[-95.948,-0.332],[-95.949,-0.332],[-95.948,-0.332],[-95.953,-0.332],[-95.953,-0.332],[0,0]],"v":[[953.954,28.152],[762.23,-22.51],[570.159,26.826],[378.434,-23.839],[186.363,25.499],[-5.358,-25.165],[-197.427,24.171],[-389.153,-26.493],[-581.223,22.842],[-772.956,-27.82],[-965.035,21.516]],"c":false},"ix":2},"nm":"Path 1","mn":"ADBE Vector Shape - Group","hd":false},{"ty":"fl","c":{"a":0,"k":[0.426999978458,0.773000021542,0.752999997606,1],"ix":4},"o":{"a":0,"k":100,"ix":5},"r":1,"bm":0,"nm":"Fill 1","mn":"ADBE Vector Graphic - Fill","hd":false},{"ty":"tr","p":{"a":0,"k":[980.035,43.153],"ix":2},"a":{"a":0,"k":[0,0],"ix":1},"s":{"a":0,"k":[100,100],"ix":3},"r":{"a":0,"k":0,"ix":6},"o":{"a":0,"k":100,"ix":7},"sk":{"a":0,"k":0,"ix":4},"sa":{"a":0,"k":0,"ix":5},"nm":"Transform"}],"nm":"Group 2","np":4,"cix":2,"bm":0,"ix":2,"mn":"ADBE Vector Group","hd":false}],"ip":0,"op":150.000006109625,"st":0,"bm":0},{"ddd":0,"ind":7,"ty":4,"nm":"Ship Outlines","sr":1,"ks":{"o":{"a":0,"k":100,"ix":11},"r":{"a":1,"k":[{"i":{"x":[0.833],"y":[0.833]},"o":{"x":[0.167],"y":[0.167]},"t":40,"s":[0]},{"t":50.0000020365418,"s":[-10]}],"ix":10},"p":{"a":1,"k":[{"i":{"x":0.833,"y":0.833},"o":{"x":0.167,"y":0.167},"t":0,"s":[-246.889,692.547,0],"to":[164.5,0,0],"ti":[-164.5,0,0]},{"t":40.0000016292334,"s":[740.111,692.547,0]}],"ix":2,"l":2},"a":{"a":0,"k":[156.75,156.603,0],"ix":1,"l":2},"s":{"a":0,"k":[100,100,100],"ix":6,"l":2}},"ao":0,"shapes":[{"ty":"gr","it":[{"ind":0,"ty":"sh","ix":1,"ks":{"a":0,"k":{"i":[[0.45,0],[0,0],[0,0],[-0.002,0.451],[-0.45,0],[0,0],[0,0],[0.001,-0.453]],"o":[[0,0],[0,0],[-0.452,-0.001],[0.001,-0.451],[0,0],[0,0],[0.452,0.002],[-0.002,0.45]],"v":[[36.97,0.961],[36.967,0.961],[-36.973,0.674],[-37.787,-0.146],[-36.97,-0.961],[-36.967,-0.961],[36.973,-0.675],[37.788,0.147]],"c":true},"ix":2},"nm":"Path 1","mn":"ADBE Vector Shape - Group","hd":false},{"ty":"fl","c":{"a":0,"k":[0.8,0.588000009574,0.588000009574,1],"ix":4},"o":{"a":0,"k":100,"ix":5},"r":1,"bm":0,"nm":"Fill 1","mn":"ADBE Vector Graphic - Fill","hd":false},{"ty":"tr","p":{"a":0,"k":[154.737,308.659],"ix":2},"a":{"a":0,"k":[0,0],"ix":1},"s":{"a":0,"k":[100,100],"ix":3},"r":{"a":0,"k":0,"ix":6},"o":{"a":0,"k":100,"ix":7},"sk":{"a":0,"k":0,"ix":4},"sa":{"a":0,"k":0,"ix":5},"nm":"Transform"}],"nm":"Group 1","np":2,"cix":2,"bm":0,"ix":1,"mn":"ADBE Vector Group","hd":false},{"ty":"gr","it":[{"ind":0,"ty":"sh","ix":1,"ks":{"a":0,"k":{"i":[[0,0],[0,0]],"o":[[0,0],[0,0]],"v":[[-36.97,-0.143],[36.97,0.143]],"c":false},"ix":2},"nm":"Path 1","mn":"ADBE Vector Shape - Group","hd":false},{"ty":"fl","c":{"a":0,"k":[0.8,0.588000009574,0.588000009574,1],"ix":4},"o":{"a":0,"k":100,"ix":5},"r":1,"bm":0,"nm":"Fill 1","mn":"ADBE Vector Graphic - Fill","hd":false},{"ty":"tr","p":{"a":0,"k":[154.737,308.658],"ix":2},"a":{"a":0,"k":[0,0],"ix":1},"s":{"a":0,"k":[100,100],"ix":3},"r":{"a":0,"k":0,"ix":6},"o":{"a":0,"k":100,"ix":7},"sk":{"a":0,"k":0,"ix":4},"sa":{"a":0,"k":0,"ix":5},"nm":"Transform"}],"nm":"Group 2","np":2,"cix":2,"bm":0,"ix":2,"mn":"ADBE Vector Group","hd":false},{"ty":"gr","it":[{"ind":0,"ty":"sh","ix":1,"ks":{"a":0,"k":{"i":[[0.451,0],[0,0],[0,0],[-0.001,0.451],[-0.451,0],[0,0],[0,0],[0.001,-0.453]],"o":[[0,0],[0,0],[-0.452,-0.001],[0.001,-0.45],[0,0],[0,0],[0.451,0.002],[-0.001,0.45]],"v":[[87.366,1.018],[87.364,1.018],[-87.367,0.617],[-88.183,-0.203],[-87.365,-1.018],[-87.363,-1.018],[87.368,-0.618],[88.183,0.203]],"c":true},"ix":2},"nm":"Path 1","mn":"ADBE Vector Shape - Group","hd":false},{"ty":"fl","c":{"a":0,"k":[0.8,0.588000009574,0.588000009574,1],"ix":4},"o":{"a":0,"k":100,"ix":5},"r":1,"bm":0,"nm":"Fill 1","mn":"ADBE Vector Graphic - Fill","hd":false},{"ty":"tr","p":{"a":0,"k":[154.781,292.249],"ix":2},"a":{"a":0,"k":[0,0],"ix":1},"s":{"a":0,"k":[100,100],"ix":3},"r":{"a":0,"k":0,"ix":6},"o":{"a":0,"k":100,"ix":7},"sk":{"a":0,"k":0,"ix":4},"sa":{"a":0,"k":0,"ix":5},"nm":"Transform"}],"nm":"Group 3","np":2,"cix":2,"bm":0,"ix":3,"mn":"ADBE Vector Group","hd":false},{"ty":"gr","it":[{"ind":0,"ty":"sh","ix":1,"ks":{"a":0,"k":{"i":[[0,0],[0,0]],"o":[[0,0],[0,0]],"v":[[-87.365,-0.2],[87.365,0.2]],"c":false},"ix":2},"nm":"Path 1","mn":"ADBE Vector Shape - Group","hd":false},{"ty":"fl","c":{"a":0,"k":[0.8,0.588000009574,0.588000009574,1],"ix":4},"o":{"a":0,"k":100,"ix":5},"r":1,"bm":0,"nm":"Fill 1","mn":"ADBE Vector Graphic - Fill","hd":false},{"ty":"tr","p":{"a":0,"k":[154.781,292.249],"ix":2},"a":{"a":0,"k":[0,0],"ix":1},"s":{"a":0,"k":[100,100],"ix":3},"r":{"a":0,"k":0,"ix":6},"o":{"a":0,"k":100,"ix":7},"sk":{"a":0,"k":0,"ix":4},"sa":{"a":0,"k":0,"ix":5},"nm":"Transform"}],"nm":"Group 4","np":2,"cix":2,"bm":0,"ix":4,"mn":"ADBE Vector Group","hd":false},{"ty":"gr","it":[{"ind":0,"ty":"sh","ix":1,"ks":{"a":0,"k":{"i":[[0.449,0],[0,0],[0,0],[-0.003,0.452],[-0.449,0],[0,0],[0,0],[0.004,-0.452]],"o":[[0,0],[0,0],[-0.451,-0.004],[0.003,-0.45],[0,0],[0,0],[0.452,0.003],[-0.003,0.45]],"v":[[28.801,1.018],[28.795,1.018],[-28.807,0.618],[-29.619,-0.206],[-28.801,-1.018],[-28.796,-1.018],[28.806,-0.617],[29.618,0.206]],"c":true},"ix":2},"nm":"Path 1","mn":"ADBE Vector Shape - Group","hd":false},{"ty":"fl","c":{"a":0,"k":[0.8,0.588000009574,0.588000009574,1],"ix":4},"o":{"a":0,"k":100,"ix":5},"r":1,"bm":0,"nm":"Fill 1","mn":"ADBE Vector Graphic - Fill","hd":false},{"ty":"tr","p":{"a":0,"k":[47.296,233.38],"ix":2},"a":{"a":0,"k":[0,0],"ix":1},"s":{"a":0,"k":[100,100],"ix":3},"r":{"a":0,"k":0,"ix":6},"o":{"a":0,"k":100,"ix":7},"sk":{"a":0,"k":0,"ix":4},"sa":{"a":0,"k":0,"ix":5},"nm":"Transform"}],"nm":"Group 5","np":2,"cix":2,"bm":0,"ix":5,"mn":"ADBE Vector Group","hd":false},{"ty":"gr","it":[{"ind":0,"ty":"sh","ix":1,"ks":{"a":0,"k":{"i":[[0,0],[0,0]],"o":[[0,0],[0,0]],"v":[[-28.801,-0.201],[28.801,0.201]],"c":false},"ix":2},"nm":"Path 1","mn":"ADBE Vector Shape - Group","hd":false},{"ty":"fl","c":{"a":0,"k":[0.8,0.588000009574,0.588000009574,1],"ix":4},"o":{"a":0,"k":100,"ix":5},"r":1,"bm":0,"nm":"Fill 1","mn":"ADBE Vector Graphic - Fill","hd":false},{"ty":"tr","p":{"a":0,"k":[47.296,233.38],"ix":2},"a":{"a":0,"k":[0,0],"ix":1},"s":{"a":0,"k":[100,100],"ix":3},"r":{"a":0,"k":0,"ix":6},"o":{"a":0,"k":100,"ix":7},"sk":{"a":0,"k":0,"ix":4},"sa":{"a":0,"k":0,"ix":5},"nm":"Transform"}],"nm":"Group 6","np":2,"cix":2,"bm":0,"ix":6,"mn":"ADBE Vector Group","hd":false},{"ty":"gr","it":[{"ind":0,"ty":"sh","ix":1,"ks":{"a":0,"k":{"i":[[0.451,0],[0,0],[0,0],[-0.001,0.451],[-0.451,0],[0,0],[0,0],[0.001,-0.452]],"o":[[0,0],[0,0],[-0.452,-0.001],[0.001,-0.451],[0,0],[0,0],[0.452,0.002],[-0.002,0.451]],"v":[[72.025,1.018],[72.023,1.018],[-72.026,0.617],[-72.842,-0.203],[-72.024,-1.018],[-72.022,-1.018],[72.026,-0.618],[72.843,0.203]],"c":true},"ix":2},"nm":"Path 1","mn":"ADBE Vector Shape - Group","hd":false},{"ty":"fl","c":{"a":0,"k":[0.8,0.588000009574,0.588000009574,1],"ix":4},"o":{"a":0,"k":100,"ix":5},"r":1,"bm":0,"nm":"Fill 1","mn":"ADBE Vector Graphic - Fill","hd":false},{"ty":"tr","p":{"a":0,"k":[190.38,272.626],"ix":2},"a":{"a":0,"k":[0,0],"ix":1},"s":{"a":0,"k":[100,100],"ix":3},"r":{"a":0,"k":0,"ix":6},"o":{"a":0,"k":100,"ix":7},"sk":{"a":0,"k":0,"ix":4},"sa":{"a":0,"k":0,"ix":5},"nm":"Transform"}],"nm":"Group 7","np":2,"cix":2,"bm":0,"ix":7,"mn":"ADBE Vector Group","hd":false},{"ty":"gr","it":[{"ind":0,"ty":"sh","ix":1,"ks":{"a":0,"k":{"i":[[0,0],[0,0]],"o":[[0,0],[0,0]],"v":[[-72.024,-0.201],[72.024,0.201]],"c":false},"ix":2},"nm":"Path 1","mn":"ADBE Vector Shape - Group","hd":false},{"ty":"fl","c":{"a":0,"k":[0.8,0.588000009574,0.588000009574,1],"ix":4},"o":{"a":0,"k":100,"ix":5},"r":1,"bm":0,"nm":"Fill 1","mn":"ADBE Vector Graphic - Fill","hd":false},{"ty":"tr","p":{"a":0,"k":[190.38,272.626],"ix":2},"a":{"a":0,"k":[0,0],"ix":1},"s":{"a":0,"k":[100,100],"ix":3},"r":{"a":0,"k":0,"ix":6},"o":{"a":0,"k":100,"ix":7},"sk":{"a":0,"k":0,"ix":4},"sa":{"a":0,"k":0,"ix":5},"nm":"Transform"}],"nm":"Group 8","np":2,"cix":2,"bm":0,"ix":8,"mn":"ADBE Vector Group","hd":false},{"ty":"gr","it":[{"ind":0,"ty":"sh","ix":1,"ks":{"a":0,"k":{"i":[[0.45,0],[0,0],[0,0],[-0.001,0.451],[-0.451,0],[0,0],[0,0],[0.001,-0.452]],"o":[[0,0],[0,0],[-0.451,-0.001],[0.001,-0.451],[0,0],[0,0],[0.452,0.002],[-0.002,0.451]],"v":[[72.025,1.018],[72.023,1.018],[-72.027,0.617],[-72.842,-0.203],[-72.024,-1.018],[-72.022,-1.018],[72.026,-0.618],[72.843,0.203]],"c":true},"ix":2},"nm":"Path 1","mn":"ADBE Vector Shape - Group","hd":false},{"ty":"fl","c":{"a":0,"k":[0.8,0.588000009574,0.588000009574,1],"ix":4},"o":{"a":0,"k":100,"ix":5},"r":1,"bm":0,"nm":"Fill 1","mn":"ADBE Vector Graphic - Fill","hd":false},{"ty":"tr","p":{"a":0,"k":[124.97,252.186],"ix":2},"a":{"a":0,"k":[0,0],"ix":1},"s":{"a":0,"k":[100,100],"ix":3},"r":{"a":0,"k":0,"ix":6},"o":{"a":0,"k":100,"ix":7},"sk":{"a":0,"k":0,"ix":4},"sa":{"a":0,"k":0,"ix":5},"nm":"Transform"}],"nm":"Group 9","np":2,"cix":2,"bm":0,"ix":9,"mn":"ADBE Vector Group","hd":false},{"ty":"gr","it":[{"ind":0,"ty":"sh","ix":1,"ks":{"a":0,"k":{"i":[[0,0],[0,0]],"o":[[0,0],[0,0]],"v":[[-72.024,-0.2],[72.024,0.2]],"c":false},"ix":2},"nm":"Path 1","mn":"ADBE Vector Shape - Group","hd":false},{"ty":"fl","c":{"a":0,"k":[0.8,0.588000009574,0.588000009574,1],"ix":4},"o":{"a":0,"k":100,"ix":5},"r":1,"bm":0,"nm":"Fill 1","mn":"ADBE Vector Graphic - Fill","hd":false},{"ty":"tr","p":{"a":0,"k":[124.97,252.185],"ix":2},"a":{"a":0,"k":[0,0],"ix":1},"s":{"a":0,"k":[100,100],"ix":3},"r":{"a":0,"k":0,"ix":6},"o":{"a":0,"k":100,"ix":7},"sk":{"a":0,"k":0,"ix":4},"sa":{"a":0,"k":0,"ix":5},"nm":"Transform"}],"nm":"Group 10","np":2,"cix":2,"bm":0,"ix":10,"mn":"ADBE Vector Group","hd":false},{"ty":"gr","it":[{"ind":0,"ty":"sh","ix":1,"ks":{"a":0,"k":{"i":[[0.45,0],[0,0],[0,0],[-0.001,0.451],[-0.451,0],[0,0],[0,0],[0.002,-0.452]],"o":[[0,0],[0,0],[-0.451,-0.001],[0.001,-0.451],[0,0],[0,0],[0.452,0.002],[-0.001,0.451]],"v":[[72.025,1.018],[72.023,1.018],[-72.027,0.617],[-72.842,-0.203],[-72.024,-1.018],[-72.022,-1.018],[72.026,-0.618],[72.841,0.203]],"c":true},"ix":2},"nm":"Path 1","mn":"ADBE Vector Shape - Group","hd":false},{"ty":"fl","c":{"a":0,"k":[0.8,0.588000009574,0.588000009574,1],"ix":4},"o":{"a":0,"k":100,"ix":5},"r":1,"bm":0,"nm":"Fill 1","mn":"ADBE Vector Graphic - Fill","hd":false},{"ty":"tr","p":{"a":0,"k":[223.085,233.67],"ix":2},"a":{"a":0,"k":[0,0],"ix":1},"s":{"a":0,"k":[100,100],"ix":3},"r":{"a":0,"k":0,"ix":6},"o":{"a":0,"k":100,"ix":7},"sk":{"a":0,"k":0,"ix":4},"sa":{"a":0,"k":0,"ix":5},"nm":"Transform"}],"nm":"Group 11","np":2,"cix":2,"bm":0,"ix":11,"mn":"ADBE Vector Group","hd":false},{"ty":"gr","it":[{"ind":0,"ty":"sh","ix":1,"ks":{"a":0,"k":{"i":[[0,0],[0,0]],"o":[[0,0],[0,0]],"v":[[-72.024,-0.201],[72.024,0.201]],"c":false},"ix":2},"nm":"Path 1","mn":"ADBE Vector Shape - Group","hd":false},{"ty":"fl","c":{"a":0,"k":[0.8,0.588000009574,0.588000009574,1],"ix":4},"o":{"a":0,"k":100,"ix":5},"r":1,"bm":0,"nm":"Fill 1","mn":"ADBE Vector Graphic - Fill","hd":false},{"ty":"tr","p":{"a":0,"k":[223.085,233.67],"ix":2},"a":{"a":0,"k":[0,0],"ix":1},"s":{"a":0,"k":[100,100],"ix":3},"r":{"a":0,"k":0,"ix":6},"o":{"a":0,"k":100,"ix":7},"sk":{"a":0,"k":0,"ix":4},"sa":{"a":0,"k":0,"ix":5},"nm":"Transform"}],"nm":"Group 12","np":2,"cix":2,"bm":0,"ix":12,"mn":"ADBE Vector Group","hd":false},{"ty":"gr","it":[{"ind":0,"ty":"sh","ix":1,"ks":{"a":0,"k":{"i":[[0.449,0],[0,0],[0,0],[-0.004,0.453],[-0.449,0],[0,0],[0,0],[0.003,-0.452]],"o":[[0,0],[0,0],[-0.452,-0.003],[0.002,-0.449],[0,0],[0,0],[0.451,0.004],[-0.004,0.45]],"v":[[28.801,1.018],[28.796,1.018],[-28.806,0.617],[-29.618,-0.207],[-28.801,-1.018],[-28.795,-1.018],[28.807,-0.618],[29.619,0.206]],"c":true},"ix":2},"nm":"Path 1","mn":"ADBE Vector Shape - Group","hd":false},{"ty":"fl","c":{"a":0,"k":[0.8,0.588000009574,0.588000009574,1],"ix":4},"o":{"a":0,"k":100,"ix":5},"r":1,"bm":0,"nm":"Fill 1","mn":"ADBE Vector Graphic - Fill","hd":false},{"ty":"tr","p":{"a":0,"k":[273.241,213.933],"ix":2},"a":{"a":0,"k":[0,0],"ix":1},"s":{"a":0,"k":[100,100],"ix":3},"r":{"a":0,"k":0,"ix":6},"o":{"a":0,"k":100,"ix":7},"sk":{"a":0,"k":0,"ix":4},"sa":{"a":0,"k":0,"ix":5},"nm":"Transform"}],"nm":"Group 13","np":2,"cix":2,"bm":0,"ix":13,"mn":"ADBE Vector Group","hd":false},{"ty":"gr","it":[{"ind":0,"ty":"sh","ix":1,"ks":{"a":0,"k":{"i":[[0,0],[0,0]],"o":[[0,0],[0,0]],"v":[[-28.801,-0.2],[28.801,0.2]],"c":false},"ix":2},"nm":"Path 1","mn":"ADBE Vector Shape - Group","hd":false},{"ty":"fl","c":{"a":0,"k":[0.8,0.588000009574,0.588000009574,1],"ix":4},"o":{"a":0,"k":100,"ix":5},"r":1,"bm":0,"nm":"Fill 1","mn":"ADBE Vector Graphic - Fill","hd":false},{"ty":"tr","p":{"a":0,"k":[273.241,213.932],"ix":2},"a":{"a":0,"k":[0,0],"ix":1},"s":{"a":0,"k":[100,100],"ix":3},"r":{"a":0,"k":0,"ix":6},"o":{"a":0,"k":100,"ix":7},"sk":{"a":0,"k":0,"ix":4},"sa":{"a":0,"k":0,"ix":5},"nm":"Transform"}],"nm":"Group 14","np":2,"cix":2,"bm":0,"ix":14,"mn":"ADBE Vector Group","hd":false},{"ty":"gr","it":[{"ind":0,"ty":"sh","ix":1,"ks":{"a":0,"k":{"i":[[0.451,0],[0,0],[0,0],[-0.001,0.451],[-0.451,0],[0,0],[0,0],[0.002,-0.452]],"o":[[0,0],[0,0],[-0.452,-0.001],[0.002,-0.451],[0,0],[0,0],[0.452,0.001],[-0.001,0.45]],"v":[[72.025,1.018],[72.023,1.018],[-72.026,0.617],[-72.842,-0.203],[-72.024,-1.018],[-72.021,-1.018],[72.027,-0.618],[72.842,0.203]],"c":true},"ix":2},"nm":"Path 1","mn":"ADBE Vector Shape - Group","hd":false},{"ty":"fl","c":{"a":0,"k":[0.8,0.588000009574,0.588000009574,1],"ix":4},"o":{"a":0,"k":100,"ix":5},"r":1,"bm":0,"nm":"Fill 1","mn":"ADBE Vector Graphic - Fill","hd":false},{"ty":"tr","p":{"a":0,"k":[82.845,213.933],"ix":2},"a":{"a":0,"k":[0,0],"ix":1},"s":{"a":0,"k":[100,100],"ix":3},"r":{"a":0,"k":0,"ix":6},"o":{"a":0,"k":100,"ix":7},"sk":{"a":0,"k":0,"ix":4},"sa":{"a":0,"k":0,"ix":5},"nm":"Transform"}],"nm":"Group 15","np":2,"cix":2,"bm":0,"ix":15,"mn":"ADBE Vector Group","hd":false},{"ty":"gr","it":[{"ind":0,"ty":"sh","ix":1,"ks":{"a":0,"k":{"i":[[0,0],[0,0]],"o":[[0,0],[0,0]],"v":[[-72.024,-0.2],[72.024,0.2]],"c":false},"ix":2},"nm":"Path 1","mn":"ADBE Vector Shape - Group","hd":false},{"ty":"fl","c":{"a":0,"k":[0.8,0.588000009574,0.588000009574,1],"ix":4},"o":{"a":0,"k":100,"ix":5},"r":1,"bm":0,"nm":"Fill 1","mn":"ADBE Vector Graphic - Fill","hd":false},{"ty":"tr","p":{"a":0,"k":[82.845,213.932],"ix":2},"a":{"a":0,"k":[0,0],"ix":1},"s":{"a":0,"k":[100,100],"ix":3},"r":{"a":0,"k":0,"ix":6},"o":{"a":0,"k":100,"ix":7},"sk":{"a":0,"k":0,"ix":4},"sa":{"a":0,"k":0,"ix":5},"nm":"Transform"}],"nm":"Group 16","np":2,"cix":2,"bm":0,"ix":16,"mn":"ADBE Vector Group","hd":false},{"ty":"gr","it":[{"ind":0,"ty":"sh","ix":1,"ks":{"a":0,"k":{"i":[[56.387,0],[0,0],[0,56.387],[-2.47,0],[0,0],[0,-2.469]],"o":[[0,0],[-56.387,0],[0,-2.469],[0,0],[2.469,0],[0,56.387]],"v":[[54.403,53.284],[-54.402,53.284],[-156.5,-48.813],[-152.028,-53.284],[152.029,-53.284],[156.5,-48.813]],"c":true},"ix":2},"nm":"Path 1","mn":"ADBE Vector Shape - Group","hd":false},{"ty":"fl","c":{"a":0,"k":[1,0.855000035903,0.851000019148,1],"ix":4},"o":{"a":0,"k":100,"ix":5},"r":1,"bm":0,"nm":"Fill 1","mn":"ADBE Vector Graphic - Fill","hd":false},{"ty":"tr","p":{"a":0,"k":[156.75,259.671],"ix":2},"a":{"a":0,"k":[0,0],"ix":1},"s":{"a":0,"k":[100,100],"ix":3},"r":{"a":0,"k":0,"ix":6},"o":{"a":0,"k":100,"ix":7},"sk":{"a":0,"k":0,"ix":4},"sa":{"a":0,"k":0,"ix":5},"nm":"Transform"}],"nm":"Group 17","np":2,"cix":2,"bm":0,"ix":17,"mn":"ADBE Vector Group","hd":false},{"ty":"gr","it":[{"ind":0,"ty":"sh","ix":1,"ks":{"a":0,"k":{"i":[[0,0],[0.003,2.03],[0,0],[-2.033,0.003],[0,0],[-0.003,-2.03],[0,0],[2.032,-0.003]],"o":[[-2.029,0],[0,0],[-0.003,-2.032],[0,0],[2.029,0],[0,0],[0.004,2.032],[0,0]],"v":[[0.209,134.618],[-3.47,130.946],[-3.889,-130.933],[-0.215,-134.618],[-0.209,-134.618],[3.47,-130.946],[3.888,130.933],[0.215,134.618]],"c":true},"ix":2},"nm":"Path 1","mn":"ADBE Vector Shape - Group","hd":false},{"ty":"fl","c":{"a":0,"k":[0.030999998953,0.423999980852,0.486000001197,1],"ix":4},"o":{"a":0,"k":100,"ix":5},"r":1,"bm":0,"nm":"Fill 1","mn":"ADBE Vector Graphic - Fill","hd":false},{"ty":"tr","p":{"a":0,"k":[156.549,134.869],"ix":2},"a":{"a":0,"k":[0,0],"ix":1},"s":{"a":0,"k":[100,100],"ix":3},"r":{"a":0,"k":0,"ix":6},"o":{"a":0,"k":100,"ix":7},"sk":{"a":0,"k":0,"ix":4},"sa":{"a":0,"k":0,"ix":5},"nm":"Transform"}],"nm":"Group 18","np":2,"cix":2,"bm":0,"ix":18,"mn":"ADBE Vector Group","hd":false},{"ty":"gr","it":[{"ind":0,"ty":"sh","ix":1,"ks":{"a":0,"k":{"i":[[0,0],[0,0],[0,0]],"o":[[0,0],[0,0],[0,0]],"v":[[-48.413,-82.989],[48.587,82.989],[-48.587,82.989]],"c":true},"ix":2},"nm":"Path 1","mn":"ADBE Vector Shape - Group","hd":false},{"ty":"fl","c":{"a":0,"k":[0.536999990426,0.851000019148,0.760999971278,1],"ix":4},"o":{"a":0,"k":100,"ix":5},"r":1,"bm":0,"nm":"Fill 1","mn":"ADBE Vector Graphic - Fill","hd":false},{"ty":"tr","p":{"a":0,"k":[208.073,86.918],"ix":2},"a":{"a":0,"k":[0,0],"ix":1},"s":{"a":0,"k":[100,100],"ix":3},"r":{"a":0,"k":0,"ix":6},"o":{"a":0,"k":100,"ix":7},"sk":{"a":0,"k":0,"ix":4},"sa":{"a":0,"k":0,"ix":5},"nm":"Transform"}],"nm":"Group 19","np":2,"cix":2,"bm":0,"ix":19,"mn":"ADBE Vector Group","hd":false},{"ty":"gr","it":[{"ind":0,"ty":"sh","ix":1,"ks":{"a":0,"k":{"i":[[0,0],[0,0],[0,0]],"o":[[0,0],[0,0],[0,0]],"v":[[48.074,-82.979],[-48.587,82.979],[48.587,82.979]],"c":true},"ix":2},"nm":"Path 1","mn":"ADBE Vector Shape - Group","hd":false},{"ty":"fl","c":{"a":0,"k":[0.536999990426,0.851000019148,0.760999971278,1],"ix":4},"o":{"a":0,"k":100,"ix":5},"r":1,"bm":0,"nm":"Fill 1","mn":"ADBE Vector Graphic - Fill","hd":false},{"ty":"tr","p":{"a":0,"k":[105.053,86.926],"ix":2},"a":{"a":0,"k":[0,0],"ix":1},"s":{"a":0,"k":[100,100],"ix":3},"r":{"a":0,"k":0,"ix":6},"o":{"a":0,"k":100,"ix":7},"sk":{"a":0,"k":0,"ix":4},"sa":{"a":0,"k":0,"ix":5},"nm":"Transform"}],"nm":"Group 20","np":2,"cix":2,"bm":0,"ix":20,"mn":"ADBE Vector Group","hd":false}],"ip":0,"op":150.000006109625,"st":0,"bm":0},{"ddd":0,"ind":9,"ty":4,"nm":"Palm Outlines","sr":1,"ks":{"o":{"a":0,"k":100,"ix":11},"r":{"a":1,"k":[{"i":{"x":[0.833],"y":[0.833]},"o":{"x":[0.167],"y":[0.167]},"t":40,"s":[0]},{"i":{"x":[0.833],"y":[0.833]},"o":{"x":[0.167],"y":[0.167]},"t":50,"s":[17]},{"t":60.0000024438501,"s":[0]}],"ix":10},"p":{"a":1,"k":[{"i":{"x":0.833,"y":0.833},"o":{"x":0.167,"y":0.167},"t":0,"s":[2326.163,389.784,0],"to":[-184.667,0,0],"ti":[180.333,-2.833,0]},{"i":{"x":0.833,"y":0.833},"o":{"x":0.167,"y":0.167},"t":40,"s":[1218.163,389.784,0],"to":[-82.64,1.298,0],"ti":[-22.695,-3.604,0]},{"i":{"x":0.833,"y":0.833},"o":{"x":0.167,"y":0.167},"t":45,"s":[1234.78,398.365,0],"to":[26.829,4.261,0],"ti":[0,0,0]},{"i":{"x":0.833,"y":0.833},"o":{"x":0.167,"y":0.167},"t":50,"s":[1244.163,406.784,0],"to":[0,0,0],"ti":[4.333,2.833,0]},{"t":60.0000024438501,"s":[1218.163,389.784,0]}],"ix":2,"l":2},"a":{"a":0,"k":[231.749,225.049,0],"ix":1,"l":2},"s":{"a":0,"k":[100,100,100],"ix":6,"l":2}},"ao":0,"shapes":[{"ty":"gr","it":[{"ind":0,"ty":"sh","ix":1,"ks":{"a":0,"k":{"i":[[0,0],[-3.737,5.026],[-2.752,5.465],[-1.937,5.778],[-0.804,2.951],[-0.544,3.005],[0.922,12.466],[4.265,12.072],[7.436,10.556],[2.084,2.469],[1.092,1.19],[0,0],[5.123,3.825],[0.647,0.466],[0.65,0.457],[1.34,0.85],[0,0],[0.704,0.369],[0,0],[5.904,2.009],[3.067,0.671],[1.532,0.295],[1.54,0.231],[3.123,0.177],[0.802,-0.009],[0.815,-0.044],[0,0],[0.827,-0.102],[0,0],[-0.123,-1.01],[-0.446,-0.286],[-4.269,-3.06],[0,0],[0,0],[-2.027,-1.653],[-3.677,-3.706],[-1.791,-1.892],[-0.868,-0.97],[-0.814,-1.017],[0,0],[0,0],[-0.764,-1.051],[-0.721,-1.082],[-2.585,-4.504],[-3.343,-9.847],[-1.823,-10.276],[-0.515,-5.203],[0,0],[0,0],[-0.109,-2.618],[0.923,-10.47],[0.756,-5.206],[0.474,-2.584],[0.587,-2.478],[-1.005,-0.238],[-0.435,0.356]],"o":[[5.196,-4.299],[3.663,-5.04],[2.754,-5.466],[0.984,-2.889],[0.73,-2.952],[2.316,-12.021],[-0.923,-12.459],[-4.201,-12.081],[-1.867,-2.634],[-1.031,-1.241],[0,0],[-4.503,-4.603],[-0.633,-0.484],[-0.643,-0.469],[-1.315,-0.9],[0,0],[-0.666,-0.417],[0,0],[-5.534,-3.008],[-2.993,-0.945],[-1.52,-0.357],[-1.537,-0.283],[-3.072,-0.48],[-0.794,-0.024],[-0.8,0.005],[0,0],[-0.82,0.069],[0,0],[-1.01,0.124],[0.069,0.567],[4.455,2.824],[0,0],[0,0],[2.101,1.568],[3.992,3.381],[1.881,1.809],[0.896,0.946],[0.863,0.975],[0,0],[0,0],[0.801,1.025],[0.759,1.055],[3,4.245],[5.103,9.051],[3.495,9.795],[0.909,5.138],[0,0],[0,0],[0.196,2.609],[0.442,10.467],[-0.402,5.24],[-0.377,2.604],[-0.453,2.576],[-0.239,1.005],[0.589,0.14],[0,0]],"v":[[25.896,111.072],[38.854,96.936],[48.462,81.146],[55.49,64.258],[58.109,55.495],[60.106,46.555],[62.182,9.654],[54.476,-27.401],[36.897,-61.659],[31.026,-69.354],[27.901,-73.041],[24.631,-76.594],[10.328,-89.404],[8.435,-90.855],[6.478,-92.23],[2.548,-94.911],[-1.5,-97.399],[-3.551,-98.583],[-5.634,-99.709],[-22.876,-107.185],[-31.885,-109.738],[-36.453,-110.73],[-41.091,-111.469],[-50.492,-112.282],[-52.88,-112.315],[-55.284,-112.274],[-57.699,-112.167],[-60.145,-111.954],[-61.376,-111.805],[-62.982,-109.751],[-62.138,-108.417],[-48.993,-99.68],[-45.794,-97.381],[-42.676,-94.982],[-36.565,-90.045],[-24.964,-79.508],[-19.528,-73.885],[-16.927,-70.967],[-14.384,-68.003],[-11.904,-64.99],[-9.526,-61.898],[-7.186,-58.779],[-4.902,-55.62],[3.419,-42.446],[16.143,-14.031],[24.061,16.167],[26.209,31.685],[26.564,35.591],[26.857,39.503],[27.319,47.343],[26.561,78.797],[24.82,94.474],[23.542,102.258],[21.998,109.932],[23.385,112.183],[25,111.811]],"c":true},"ix":2},"nm":"Path 1","mn":"ADBE Vector Shape - Group","hd":false},{"ty":"fl","c":{"a":0,"k":[0.030999998953,0.423999980852,0.486000001197,1],"ix":4},"o":{"a":0,"k":100,"ix":5},"r":1,"bm":0,"nm":"Fill 1","mn":"ADBE Vector Graphic - Fill","hd":false},{"ty":"tr","p":{"a":0,"k":[290.173,337.524],"ix":2},"a":{"a":0,"k":[0,0],"ix":1},"s":{"a":0,"k":[100,100],"ix":3},"r":{"a":0,"k":0,"ix":6},"o":{"a":0,"k":100,"ix":7},"sk":{"a":0,"k":0,"ix":4},"sa":{"a":0,"k":0,"ix":5},"nm":"Transform"}],"nm":"Group 1","np":2,"cix":2,"bm":0,"ix":1,"mn":"ADBE Vector Group","hd":false},{"ty":"gr","it":[{"ind":0,"ty":"sh","ix":1,"ks":{"a":0,"k":{"i":[[0,0],[-4.047,4.781],[-3.091,5.28],[-2.297,5.644],[-0.987,2.895],[-0.732,2.965],[0.134,12.5],[3.495,12.317],[6.756,11.005],[1.924,2.595],[1.014,1.256],[0,0],[4.872,4.141],[0.616,0.505],[0.621,0.497],[1.284,0.933],[0,0],[0.679,0.412],[0,0],[5.765,2.378],[3.019,0.863],[1.509,0.391],[1.522,0.328],[3.105,0.375],[0.803,0.041],[0.816,0.008],[0,0],[0.832,-0.049],[0,0],[-0.06,-1.017],[-0.426,-0.313],[-4.069,-3.324],[0,0],[0,0],[-1.92,-1.777],[-3.436,-3.931],[-1.669,-2.001],[-0.806,-1.022],[-0.748,-1.067],[0,0],[0,0],[-0.696,-1.097],[-0.651,-1.125],[-2.296,-4.659],[-2.716,-10.038],[-1.172,-10.37],[-0.186,-5.225],[0,0],[0,0],[0.057,-2.619],[1.58,-10.391],[1.082,-5.148],[0.635,-2.549],[0.743,-2.437],[-0.988,-0.301],[-0.457,0.327]],"o":[[5.457,-3.962],[3.974,-4.798],[3.093,-5.281],[1.165,-2.822],[0.916,-2.9],[3.069,-11.851],[-0.135,-12.493],[-3.431,-12.321],[-1.697,-2.746],[-0.95,-1.304],[0,0],[-4.204,-4.878],[-0.6,-0.523],[-0.612,-0.51],[-1.256,-0.98],[0,0],[-0.639,-0.459],[0,0],[-5.332,-3.351],[-2.928,-1.131],[-1.494,-0.451],[-1.517,-0.379],[-3.035,-0.673],[-0.79,-0.073],[-0.799,-0.047],[0,0],[-0.822,0.018],[0,0],[-1.016,0.06],[0.033,0.57],[4.269,3.099],[0,0],[0,0],[1.999,1.697],[3.771,3.626],[1.763,1.924],[0.834,1.001],[0.8,1.028],[0,0],[0,0],[0.734,1.072],[0.691,1.101],[2.726,4.426],[4.522,9.354],[2.87,9.996],[0.584,5.186],[0,0],[0,0],[0.031,2.616],[-0.218,10.475],[-0.732,5.205],[-0.54,2.574],[-0.615,2.542],[-0.301,0.987],[0.579,0.177],[0,0]],"v":[[16.046,113.469],[29.87,100.178],[40.455,85.025],[48.533,68.615],[51.699,60.033],[54.257,51.238],[58.656,14.541],[53.3,-22.927],[37.918,-58.226],[32.543,-66.275],[29.657,-70.151],[26.618,-73.903],[13.149,-87.591],[11.352,-89.157],[9.487,-90.653],[5.734,-93.576],[1.852,-96.314],[-0.122,-97.625],[-2.131,-98.881],[-18.865,-107.429],[-27.697,-110.545],[-32.192,-111.824],[-36.775,-112.854],[-46.105,-114.258],[-48.487,-114.44],[-50.889,-114.552],[-53.306,-114.597],[-55.76,-114.54],[-56.998,-114.467],[-58.729,-112.518],[-57.973,-111.135],[-45.403,-101.585],[-42.357,-99.091],[-39.396,-96.499],[-33.608,-91.186],[-22.695,-79.939],[-17.624,-73.984],[-15.212,-70.909],[-12.861,-67.79],[-10.576,-64.627],[-8.398,-61.389],[-6.26,-58.13],[-4.179,-54.833],[3.295,-41.161],[14.201,-12],[20.199,18.636],[21.365,34.259],[21.472,38.179],[21.519,42.102],[21.485,49.955],[18.746,81.3],[16.02,96.837],[14.253,104.524],[12.227,112.087],[13.471,114.42],[15.107,114.151]],"c":true},"ix":2},"nm":"Path 1","mn":"ADBE Vector Shape - Group","hd":false},{"ty":"fl","c":{"a":0,"k":[0.030999998953,0.423999980852,0.486000001197,1],"ix":4},"o":{"a":0,"k":100,"ix":5},"r":1,"bm":0,"nm":"Fill 1","mn":"ADBE Vector Graphic - Fill","hd":false},{"ty":"tr","p":{"a":0,"k":[215.816,114.847],"ix":2},"a":{"a":0,"k":[0,0],"ix":1},"s":{"a":0,"k":[100,100],"ix":3},"r":{"a":0,"k":0,"ix":6},"o":{"a":0,"k":100,"ix":7},"sk":{"a":0,"k":0,"ix":4},"sa":{"a":0,"k":0,"ix":5},"nm":"Transform"}],"nm":"Group 2","np":2,"cix":2,"bm":0,"ix":2,"mn":"ADBE Vector Group","hd":false},{"ty":"gr","it":[{"ind":0,"ty":"sh","ix":1,"ks":{"a":0,"k":{"i":[[0,0],[2.183,5.871],[3.087,5.282],[3.794,4.769],[2.039,2.28],[2.226,2.091],[10.96,6.012],[12.448,2.992],[12.903,-0.493],[3.205,-0.405],[1.592,-0.269],[0,0],[5.997,-2.217],[0.743,-0.29],[0.737,-0.297],[1.443,-0.662],[0,0],[0.693,-0.39],[0,0],[4.899,-3.858],[2.232,-2.208],[1.081,-1.123],[1.032,-1.166],[1.848,-2.523],[0.429,-0.679],[0.407,-0.707],[0,0],[0.366,-0.75],[0,0],[-0.915,-0.446],[-0.482,0.219],[-4.891,1.916],[0,0],[0,0],[-2.49,0.802],[-5.111,1.067],[-2.562,0.473],[-1.288,0.201],[-1.296,0.129],[0,0],[0,0],[-1.298,0.069],[-1.299,0.016],[-5.187,-0.283],[-10.08,-2.554],[-9.612,-4.063],[-4.645,-2.399],[0,0],[0,0],[-2.255,-1.333],[-8.281,-6.472],[-3.957,-3.467],[-1.91,-1.803],[-1.76,-1.842],[-0.747,0.714],[0.061,0.559]],"o":[[-0.777,-6.699],[-2.234,-5.816],[-3.087,-5.285],[-1.888,-2.399],[-2.079,-2.22],[-8.824,-8.486],[-10.955,-6.007],[-12.421,-3.05],[-3.225,0.134],[-1.603,0.189],[0,0],[-6.312,1.273],[-0.75,0.267],[-0.743,0.283],[-1.471,0.615],[0,0],[-0.713,0.331],[0,0],[-5.535,3.005],[-2.421,1.997],[-1.126,1.082],[-1.073,1.136],[-2.076,2.316],[-0.451,0.653],[-0.432,0.673],[0,0],[-0.389,0.725],[0,0],[-0.446,0.915],[0.514,0.25],[4.794,-2.2],[0,0],[0,0],[2.459,-0.91],[5.01,-1.508],[2.541,-0.594],[1.282,-0.236],[1.287,-0.193],[0,0],[0,0],[1.296,-0.114],[1.298,-0.062],[5.195,-0.205],[10.369,0.644],[10.12,2.399],[4.806,2.033],[0,0],[0,0],[2.295,1.256],[9.022,5.327],[4.177,3.19],[1.979,1.733],[1.914,1.782],[0.714,0.746],[0.439,-0.418],[0,0]],"v":[[117.363,50.154],[112.556,31.589],[104.538,14.935],[94.195,-0.152],[88.268,-7.119],[81.856,-13.659],[52.03,-35.485],[16.749,-49.187],[-21.559,-53.085],[-31.209,-52.347],[-36.003,-51.731],[-40.762,-50.922],[-59.296,-45.894],[-61.542,-45.096],[-63.76,-44.203],[-68.149,-42.365],[-72.438,-40.323],[-74.548,-39.247],[-76.628,-38.112],[-92.282,-27.717],[-99.327,-21.547],[-102.647,-18.256],[-105.791,-14.767],[-111.588,-7.323],[-112.916,-5.336],[-114.191,-3.298],[-115.413,-1.213],[-116.568,0.954],[-117.111,2.068],[-116.262,4.533],[-114.686,4.551],[-100.199,-1.721],[-96.532,-3.154],[-92.822,-4.464],[-85.354,-6.904],[-70.199,-10.901],[-62.524,-12.402],[-58.661,-12.996],[-54.791,-13.516],[-50.912,-13.957],[-47.025,-14.268],[-43.134,-14.534],[-39.241,-14.732],[-23.66,-14.542],[7.103,-9.752],[36.745,0.041],[50.932,6.684],[54.402,8.512],[57.844,10.395],[64.672,14.274],[90.648,32.029],[102.854,42.023],[108.688,47.33],[114.286,52.804],[116.928,52.864],[117.496,51.307]],"c":true},"ix":2},"nm":"Path 1","mn":"ADBE Vector Shape - Group","hd":false},{"ty":"fl","c":{"a":0,"k":[0.030999998953,0.423999980852,0.486000001197,1],"ix":4},"o":{"a":0,"k":100,"ix":5},"r":1,"bm":0,"nm":"Fill 1","mn":"ADBE Vector Graphic - Fill","hd":false},{"ty":"tr","p":{"a":0,"k":[345.69,224.91],"ix":2},"a":{"a":0,"k":[0,0],"ix":1},"s":{"a":0,"k":[100,100],"ix":3},"r":{"a":0,"k":0,"ix":6},"o":{"a":0,"k":100,"ix":7},"sk":{"a":0,"k":0,"ix":4},"sa":{"a":0,"k":0,"ix":5},"nm":"Transform"}],"nm":"Group 3","np":2,"cix":2,"bm":0,"ix":3,"mn":"ADBE Vector Group","hd":false},{"ty":"gr","it":[{"ind":0,"ty":"sh","ix":1,"ks":{"a":0,"k":{"i":[[0,0],[1.808,5.997],[2.747,5.467],[3.485,5],[1.891,2.404],[2.089,2.227],[10.56,6.691],[12.234,3.771],[12.908,0.321],[3.224,-0.202],[1.606,-0.168],[0,0],[6.125,-1.833],[0.76,-0.242],[0.754,-0.25],[1.482,-0.569],[0,0],[0.715,-0.345],[0,0],[5.132,-3.542],[2.367,-2.063],[1.151,-1.054],[1.103,-1.098],[2.003,-2.402],[0.47,-0.651],[0.45,-0.68],[0,0],[0.412,-0.725],[0,0],[-0.886,-0.504],[-0.495,0.188],[-5.003,1.604],[0,0],[0,0],[-2.536,0.643],[-5.167,0.743],[-2.587,0.311],[-1.296,0.12],[-1.301,0.046],[0,0],[0,0],[-1.299,-0.014],[-1.298,-0.066],[-5.158,-0.61],[-9.9,-3.185],[-9.337,-4.661],[-4.485,-2.687],[0,0],[0,0],[-2.166,-1.472],[-7.856,-6.981],[-3.73,-3.709],[-1.793,-1.921],[-1.64,-1.95],[-0.79,0.665],[0.026,0.562]],"o":[[-0.354,-6.734],[-1.863,-5.945],[-2.747,-5.469],[-1.733,-2.512],[-1.935,-2.347],[-8.272,-9.025],[-10.553,-6.685],[-12.205,-3.828],[-3.228,-0.071],[-1.611,0.088],[0,0],[-6.379,0.871],[-0.766,0.22],[-0.76,0.235],[-1.507,0.521],[0,0],[-0.731,0.286],[0,0],[-5.714,2.65],[-2.542,1.841],[-1.192,1.009],[-1.142,1.065],[-2.217,2.18],[-0.492,0.623],[-0.474,0.645],[0,0],[-0.433,0.699],[0,0],[-0.503,0.885],[0.496,0.282],[4.923,-1.894],[0,0],[0,0],[2.51,-0.754],[5.095,-1.191],[2.574,-0.432],[1.293,-0.155],[1.297,-0.111],[0,0],[0,0],[1.299,-0.031],[1.3,0.019],[5.197,0.122],[10.308,1.297],[9.948,3.032],[4.668,2.332],[0,0],[0,0],[2.212,1.398],[8.669,5.885],[3.968,3.447],[1.865,1.854],[1.797,1.9],[0.664,0.79],[0.464,-0.39],[0,0]],"v":[[115.696,54.262],[112.069,35.431],[105.119,18.304],[95.747,2.595],[90.271,-4.731],[84.285,-11.663],[55.892,-35.326],[21.547,-51.225],[-16.439,-57.531],[-26.118,-57.403],[-30.939,-57.091],[-35.741,-56.583],[-54.554,-52.735],[-56.848,-52.079],[-59.116,-51.328],[-63.613,-49.771],[-68.022,-48.003],[-70.196,-47.062],[-72.343,-46.06],[-88.621,-36.673],[-96.042,-30.96],[-99.563,-27.884],[-102.92,-24.601],[-109.174,-17.537],[-110.625,-15.638],[-112.026,-13.684],[-113.379,-11.681],[-114.667,-9.591],[-115.28,-8.513],[-114.587,-5.999],[-113.015,-5.882],[-98.161,-11.229],[-94.411,-12.426],[-90.625,-13.5],[-83.019,-15.464],[-67.645,-18.499],[-59.887,-19.512],[-55.995,-19.862],[-52.1,-20.136],[-48.202,-20.332],[-44.301,-20.398],[-40.402,-20.417],[-36.505,-20.369],[-20.967,-19.198],[9.433,-12.477],[38.399,-0.835],[52.14,6.69],[55.486,8.733],[58.802,10.829],[65.372,15.131],[90.177,34.489],[101.729,45.232],[107.217,50.897],[112.458,56.713],[115.092,56.94],[115.756,55.421]],"c":true},"ix":2},"nm":"Path 1","mn":"ADBE Vector Shape - Group","hd":false},{"ty":"fl","c":{"a":0,"k":[0.030999998953,0.423999980852,0.486000001197,1],"ix":4},"o":{"a":0,"k":100,"ix":5},"r":1,"bm":0,"nm":"Fill 1","mn":"ADBE Vector Graphic - Fill","hd":false},{"ty":"tr","p":{"a":0,"k":[116.032,172.885],"ix":2},"a":{"a":0,"k":[0,0],"ix":1},"s":{"a":0,"k":[100,100],"ix":3},"r":{"a":0,"k":0,"ix":6},"o":{"a":0,"k":100,"ix":7},"sk":{"a":0,"k":0,"ix":4},"sa":{"a":0,"k":0,"ix":5},"nm":"Transform"}],"nm":"Group 4","np":2,"cix":2,"bm":0,"ix":4,"mn":"ADBE Vector Group","hd":false},{"ty":"gr","it":[{"ind":0,"ty":"sh","ix":1,"ks":{"a":0,"k":{"i":[[5,9],[-16.248,1.921],[-4.497,16.31],[22,-10]],"o":[[1.973,1.758],[15.355,-1.815],[0,0],[-22,10]],"v":[[-32,-3],[-2,7],[31,-23],[10,13]],"c":true},"ix":2},"nm":"Path 1","mn":"ADBE Vector Shape - Group","hd":false},{"ty":"fl","c":{"a":0,"k":[0.477999997606,0.325,0.325,1],"ix":4},"o":{"a":0,"k":100,"ix":5},"r":1,"bm":0,"nm":"Fill 1","mn":"ADBE Vector Graphic - Fill","hd":false},{"ty":"tr","p":{"a":0,"k":[196.585,251.265],"ix":2},"a":{"a":0,"k":[0,0],"ix":1},"s":{"a":0,"k":[100,100],"ix":3},"r":{"a":0,"k":0,"ix":6},"o":{"a":0,"k":100,"ix":7},"sk":{"a":0,"k":0,"ix":4},"sa":{"a":0,"k":0,"ix":5},"nm":"Transform"}],"nm":"Group 5","np":2,"cix":2,"bm":0,"ix":5,"mn":"ADBE Vector Group","hd":false},{"ty":"gr","it":[{"ind":0,"ty":"sh","ix":1,"ks":{"a":0,"k":{"i":[[-0.124,0.007],[-0.123,0.985],[-0.134,0.033],[0.268,1.087],[1.091,-0.263],[1.529,-12.178],[-1.112,-0.14]],"o":[[0.956,-0.058],[1.178,-9.397],[1.087,-0.269],[-0.269,-1.088],[-0.655,0.16],[-0.139,1.112],[0.128,0.015]],"v":[[-7.952,9.394],[-6.062,7.62],[8.479,-5.195],[9.963,-7.651],[7.509,-9.138],[-10.092,7.115],[-8.33,9.382]],"c":true},"ix":2},"nm":"Path 1","mn":"ADBE Vector Shape - Group","hd":false},{"ty":"fl","c":{"a":0,"k":[0.477999997606,0.325,0.325,1],"ix":4},"o":{"a":0,"k":100,"ix":5},"r":1,"bm":0,"nm":"Fill 1","mn":"ADBE Vector Graphic - Fill","hd":false},{"ty":"tr","p":{"a":0,"k":[180.115,205.118],"ix":2},"a":{"a":0,"k":[0,0],"ix":1},"s":{"a":0,"k":[100,100],"ix":3},"r":{"a":0,"k":0,"ix":6},"o":{"a":0,"k":100,"ix":7},"sk":{"a":0,"k":0,"ix":4},"sa":{"a":0,"k":0,"ix":5},"nm":"Transform"}],"nm":"Group 6","np":2,"cix":2,"bm":0,"ix":6,"mn":"ADBE Vector Group","hd":false},{"ty":"gr","it":[{"ind":0,"ty":"sh","ix":1,"ks":{"a":0,"k":{"i":[[0,-18.688],[-18.689,0],[0,18.688],[18.688,0]],"o":[[0,18.688],[18.688,0],[0,-18.688],[-18.689,0]],"v":[[-33.838,0],[0,37.222],[33.838,0],[0,-37.222]],"c":true},"ix":2},"nm":"Path 1","mn":"ADBE Vector Shape - Group","hd":false},{"ty":"fl","c":{"a":0,"k":[0.528999956916,0.361000001197,0.361000001197,1],"ix":4},"o":{"a":0,"k":100,"ix":5},"r":1,"bm":0,"nm":"Fill 1","mn":"ADBE Vector Graphic - Fill","hd":false},{"ty":"tr","p":{"a":0,"k":[193.623,229.905],"ix":2},"a":{"a":0,"k":[0,0],"ix":1},"s":{"a":0,"k":[100,100],"ix":3},"r":{"a":0,"k":0,"ix":6},"o":{"a":0,"k":100,"ix":7},"sk":{"a":0,"k":0,"ix":4},"sa":{"a":0,"k":0,"ix":5},"nm":"Transform"}],"nm":"Group 7","np":2,"cix":2,"bm":0,"ix":7,"mn":"ADBE Vector Group","hd":false}],"ip":0,"op":150.000006109625,"st":0,"bm":0},{"ddd":0,"ind":11,"ty":4,"nm":"Coconut Outlines","sr":1,"ks":{"o":{"a":0,"k":100,"ix":11},"r":{"a":0,"k":0,"ix":10},"p":{"a":1,"k":[{"i":{"x":0.833,"y":0.833},"o":{"x":0.167,"y":0.167},"t":0,"s":[2329.491,431.85,0],"to":[-184.667,0,0],"ti":[183,0,0]},{"i":{"x":0.833,"y":0.833},"o":{"x":0.167,"y":0.167},"t":40,"s":[1221.491,431.85,0],"to":[-183,0,0],"ti":[-4.5,-2.833,0]},{"i":{"x":0.833,"y":0.833},"o":{"x":0.167,"y":0.167},"t":45,"s":[1231.491,431.85,0],"to":[4.5,2.833,0],"ti":[1.667,-1,0]},{"i":{"x":0.833,"y":0.833},"o":{"x":0.167,"y":0.167},"t":50,"s":[1248.491,448.85,0],"to":[-1.667,1,0],"ti":[5.5,1.833,0]},{"i":{"x":0.833,"y":0.833},"o":{"x":0.167,"y":0.167},"t":56,"s":[1221.491,437.85,0],"to":[-5.5,-1.833,0],"ti":[1,0,0]},{"t":60.0000024438501,"s":[1215.491,437.85,0]}],"ix":2,"l":2},"a":{"a":0,"k":[35.26,42.4,0],"ix":1,"l":2},"s":{"a":0,"k":[100,100,100],"ix":6,"l":2}},"ao":0,"shapes":[{"ty":"gr","it":[{"ind":0,"ty":"sh","ix":1,"ks":{"a":0,"k":{"i":[[1.563,2.689],[-10.441,3.326],[-1.217,0.899],[-1.375,5.312],[6.209,-12.339],[5.48,-4.083]],"o":[[4.919,0.817],[7.719,-2.459],[12.124,-8.958],[0.912,3.264],[-2.318,4.604],[-21.895,16.312]],"v":[[-29.969,7.297],[-5.532,5.608],[8.468,-1.392],[26.134,-28.608],[23.76,-0.991],[12.363,12.296]],"c":true},"ix":2},"nm":"Path 1","mn":"ADBE Vector Shape - Group","hd":false},{"ty":"fl","c":{"a":0,"k":[0.477999997606,0.325,0.325,1],"ix":4},"o":{"a":0,"k":100,"ix":5},"r":1,"bm":0,"nm":"Fill 1","mn":"ADBE Vector Graphic - Fill","hd":false},{"ty":"tr","p":{"a":0,"k":[40.301,55.941],"ix":2},"a":{"a":0,"k":[0,0],"ix":1},"s":{"a":0,"k":[100,100],"ix":3},"r":{"a":0,"k":0,"ix":6},"o":{"a":0,"k":100,"ix":7},"sk":{"a":0,"k":0,"ix":4},"sa":{"a":0,"k":0,"ix":5},"nm":"Transform"}],"nm":"Group 1","np":2,"cix":2,"bm":0,"ix":1,"mn":"ADBE Vector Group","hd":false},{"ty":"gr","it":[{"ind":0,"ty":"sh","ix":1,"ks":{"a":0,"k":{"i":[[-0.123,0.014],[-0.07,0.991],[-0.132,0.04],[0.327,1.071],[1.075,-0.32],[0.876,-12.242],[-1.118,-0.08]],"o":[[0.952,-0.109],[0.677,-9.446],[1.071,-0.327],[-0.326,-1.071],[-0.645,0.196],[-0.08,1.118],[0.128,0.009]],"v":[[-7.484,9.817],[-5.692,7.944],[8.145,-5.628],[9.495,-8.16],[6.966,-9.514],[-9.742,7.655],[-7.862,9.825]],"c":true},"ix":2},"nm":"Path 1","mn":"ADBE Vector Shape - Group","hd":false},{"ty":"fl","c":{"a":0,"k":[0.477999997606,0.325,0.325,1],"ix":4},"o":{"a":0,"k":100,"ix":5},"r":1,"bm":0,"nm":"Fill 1","mn":"ADBE Vector Graphic - Fill","hd":false},{"ty":"tr","p":{"a":0,"k":[17.619,14.671],"ix":2},"a":{"a":0,"k":[0,0],"ix":1},"s":{"a":0,"k":[100,100],"ix":3},"r":{"a":0,"k":0,"ix":6},"o":{"a":0,"k":100,"ix":7},"sk":{"a":0,"k":0,"ix":4},"sa":{"a":0,"k":0,"ix":5},"nm":"Transform"}],"nm":"Group 2","np":2,"cix":2,"bm":0,"ix":2,"mn":"ADBE Vector Group","hd":false},{"ty":"gr","it":[{"ind":0,"ty":"sh","ix":1,"ks":{"a":0,"k":{"i":[[0,-18.688],[-18.689,0],[0,18.688],[18.687,0]],"o":[[0,18.688],[18.687,0],[0,-18.688],[-18.689,0]],"v":[[-33.838,0],[0,37.221],[33.838,0],[0,-37.221]],"c":true},"ix":2},"nm":"Path 1","mn":"ADBE Vector Shape - Group","hd":false},{"ty":"fl","c":{"a":0,"k":[0.6,0.416000007181,0.416000007181,1],"ix":4},"o":{"a":0,"k":100,"ix":5},"r":1,"bm":0,"nm":"Fill 1","mn":"ADBE Vector Graphic - Fill","hd":false},{"ty":"tr","p":{"a":0,"k":[34.088,37.472],"ix":2},"a":{"a":0,"k":[0,0],"ix":1},"s":{"a":0,"k":[100,100],"ix":3},"r":{"a":0,"k":0,"ix":6},"o":{"a":0,"k":100,"ix":7},"sk":{"a":0,"k":0,"ix":4},"sa":{"a":0,"k":0,"ix":5},"nm":"Transform"}],"nm":"Group 3","np":2,"cix":2,"bm":0,"ix":3,"mn":"ADBE Vector Group","hd":false}],"ip":0,"op":150.000006109625,"st":0,"bm":0},{"ddd":0,"ind":13,"ty":2,"nm":"404","refId":"image_0","sr":1,"ks":{"o":{"a":0,"k":100,"ix":11},"r":{"a":0,"k":0,"ix":10},"p":{"a":0,"k":[0,1080,0],"ix":2,"l":2},"a":{"a":0,"k":[0,0,0],"ix":1,"l":2},"s":{"a":0,"k":[100,100,100],"ix":6,"l":2}},"ao":0,"ip":0,"op":150.000006109625,"st":0,"bm":0},{"ddd":0,"ind":14,"ty":4,"nm":"Island Outlines","sr":1,"ks":{"o":{"a":0,"k":100,"ix":11},"r":{"a":0,"k":0,"ix":10},"p":{"a":1,"k":[{"i":{"x":0.833,"y":0.833},"o":{"x":0.167,"y":0.167},"t":0,"s":[2240.715,613.151,0],"to":[-184.667,0,0],"ti":[184.667,0,0]},{"t":40.0000016292334,"s":[1132.715,613.151,0]}],"ix":2,"l":2},"a":{"a":0,"k":[283.134,235.084,0],"ix":1,"l":2},"s":{"a":0,"k":[100,100,100],"ix":6,"l":2}},"ao":0,"shapes":[{"ty":"gr","it":[{"ind":0,"ty":"sh","ix":1,"ks":{"a":0,"k":{"i":[[4.737,20.303],[-130.614,151.593],[-23.686,-215.209],[-26.394,-3.384]],"o":[[0,0],[0,0],[0,0],[26.393,3.383]],"v":[[16.242,127.907],[75.12,-160.391],[-51.434,123.17],[-27.747,157.008]],"c":true},"ix":2},"nm":"Path 1","mn":"ADBE Vector Shape - Group","hd":false},{"ty":"fl","c":{"a":0,"k":[1,0.855000035903,0.851000019148,1],"ix":4},"o":{"a":0,"k":100,"ix":5},"r":1,"bm":0,"nm":"Fill 1","mn":"ADBE Vector Graphic - Fill","hd":false},{"ty":"tr","p":{"a":0,"k":[275.679,284.641],"ix":2},"a":{"a":0,"k":[-24,124],"ix":1},"s":{"a":0,"k":[100,100],"ix":3},"r":{"a":1,"k":[{"i":{"x":[0.833],"y":[0.833]},"o":{"x":[0.167],"y":[0.167]},"t":40,"s":[0]},{"i":{"x":[0.833],"y":[0.833]},"o":{"x":[0.167],"y":[0.167]},"t":50,"s":[10]},{"t":60.0000024438501,"s":[0]}],"ix":6},"o":{"a":0,"k":100,"ix":7},"sk":{"a":0,"k":0,"ix":4},"sa":{"a":0,"k":0,"ix":5},"nm":"Transform"}],"nm":"Group 1","np":2,"cix":2,"bm":0,"ix":1,"mn":"ADBE Vector Group","hd":false},{"ty":"gr","it":[{"ind":0,"ty":"sh","ix":1,"ks":{"a":0,"k":{"i":[[106.522,0],[0,0],[0,-106.522],[0,0]],"o":[[0,0],[-106.521,0],[0,0],[0,-106.522]],"v":[[90.009,-96.438],[-90.009,-96.438],[-282.884,96.438],[282.884,96.438]],"c":true},"ix":2},"nm":"Path 1","mn":"ADBE Vector Shape - Group","hd":false},{"ty":"fl","c":{"a":0,"k":[0.8,0.588000009574,0.588000009574,1],"ix":4},"o":{"a":0,"k":100,"ix":5},"r":1,"bm":0,"nm":"Fill 1","mn":"ADBE Vector Graphic - Fill","hd":false},{"ty":"tr","p":{"a":0,"k":[283.134,373.481],"ix":2},"a":{"a":0,"k":[0,0],"ix":1},"s":{"a":0,"k":[100,100],"ix":3},"r":{"a":0,"k":0,"ix":6},"o":{"a":0,"k":100,"ix":7},"sk":{"a":0,"k":0,"ix":4},"sa":{"a":0,"k":0,"ix":5},"nm":"Transform"}],"nm":"Group 2","np":2,"cix":2,"bm":0,"ix":2,"mn":"ADBE Vector Group","hd":false}],"ip":0,"op":150.000006109625,"st":0,"bm":0},{"ddd":0,"ind":17,"ty":4,"nm":"Water Outlines","sr":1,"ks":{"o":{"a":0,"k":100,"ix":11},"r":{"a":0,"k":0,"ix":10},"p":{"a":0,"k":[960,885.493,0],"ix":2,"l":2},"a":{"a":0,"k":[960.25,194.757,0],"ix":1,"l":2},"s":{"a":0,"k":[100,100,100],"ix":6,"l":2}},"ao":0,"shapes":[{"ty":"gr","it":[{"ind":0,"ty":"sh","ix":1,"ks":{"a":0,"k":{"i":[[0,0],[0,0],[0,0],[0,0]],"o":[[0,0],[0,0],[0,0],[0,0]],"v":[[-960,194.507],[960,194.507],[960,-194.507],[-960,-194.507]],"c":true},"ix":2},"nm":"Path 1","mn":"ADBE Vector Shape - Group","hd":false},{"ty":"fl","c":{"a":0,"k":[0.426999978458,0.773000021542,0.752999997606,1],"ix":4},"o":{"a":0,"k":100,"ix":5},"r":1,"bm":0,"nm":"Fill 1","mn":"ADBE Vector Graphic - Fill","hd":false},{"ty":"tr","p":{"a":0,"k":[960.25,194.757],"ix":2},"a":{"a":0,"k":[0,0],"ix":1},"s":{"a":0,"k":[100,100],"ix":3},"r":{"a":0,"k":0,"ix":6},"o":{"a":0,"k":100,"ix":7},"sk":{"a":0,"k":0,"ix":4},"sa":{"a":0,"k":0,"ix":5},"nm":"Transform"}],"nm":"Group 1","np":2,"cix":2,"bm":0,"ix":1,"mn":"ADBE Vector Group","hd":false}],"ip":0,"op":150.000006109625,"st":0,"bm":0},{"ddd":0,"ind":18,"ty":4,"nm":"Nublado 2 Outlines 3","parent":19,"sr":1,"ks":{"o":{"a":0,"k":100,"ix":11},"r":{"a":0,"k":0,"ix":10},"p":{"a":0,"k":[443.03,295.145,0],"ix":2,"l":2},"a":{"a":0,"k":[394.605,138.91,0],"ix":1,"l":2},"s":{"a":0,"k":[99.33,99.33,100],"ix":6,"l":2}},"ao":0,"shapes":[{"ty":"gr","it":[{"ind":0,"ty":"sh","ix":1,"ks":{"a":0,"k":{"i":[[25.34,0],[0,0],[-28.501,1.076],[-0.762,0],[-5.976,-2.02],[0,1.118],[-65.604,0],[-14.007,-5.821],[-82.189,0],[-19.959,-76.605],[-17.738,0],[0,-65.615],[0.012,-0.784],[-7.223,0],[-5.372,-1.596]],"o":[[0,0],[-28.52,0],[0.756,-0.028],[6.654,0],[-0.035,-1.105],[0,-65.615],[16.109,0],[20.589,-75.666],[82.842,0],[15.111,-6.974],[65.615,0],[0,0.785],[6.403,-2.353],[5.89,0],[24.291,7.217]],"v":[[363.726,142.66],[-364.611,142.66],[-365.854,98.686],[-363.575,98.643],[-344.554,101.756],[-344.601,98.417],[-225.797,-20.387],[-180.319,-11.358],[-8.35,-142.66],[164.106,-9.528],[213.778,-20.387],[332.581,98.417],[332.558,100.77],[353.111,97.122],[370.064,99.575]],"c":true},"ix":2},"nm":"Path 1","mn":"ADBE Vector Shape - Group","hd":false},{"ty":"fl","c":{"a":1,"k":[{"i":{"x":[0.833],"y":[0.833]},"o":{"x":[0.167],"y":[0.167]},"t":70,"s":[0.709999952129,0.709999952129,0.709999952129,1]},{"i":{"x":[0.833],"y":[0.833]},"o":{"x":[0.167],"y":[0.167]},"t":73,"s":[1,1,1,1]},{"t":76.0000030955435,"s":[0.709999952129,0.709999952129,0.709999952129,1]}],"ix":4},"o":{"a":0,"k":100,"ix":5},"r":1,"bm":0,"nm":"Fill 1","mn":"ADBE Vector Graphic - Fill","hd":false},{"ty":"tr","p":{"a":0,"k":[394.605,142.91],"ix":2},"a":{"a":0,"k":[0,0],"ix":1},"s":{"a":0,"k":[100,100],"ix":3},"r":{"a":0,"k":0,"ix":6},"o":{"a":0,"k":100,"ix":7},"sk":{"a":0,"k":0,"ix":4},"sa":{"a":0,"k":0,"ix":5},"nm":"Transform"}],"nm":"Group 1","np":2,"cix":2,"bm":0,"ix":1,"mn":"ADBE Vector Group","hd":false}],"ip":0,"op":150.000006109625,"st":0,"bm":0},{"ddd":0,"ind":19,"ty":4,"nm":"Nublado Outlines 3","parent":20,"sr":1,"ks":{"o":{"a":0,"k":100,"ix":11},"r":{"a":0,"k":0,"ix":10},"p":{"a":0,"k":[678.338,-164.9,0],"ix":2,"l":2},"a":{"a":0,"k":[394.605,142.91,0],"ix":1,"l":2},"s":{"a":0,"k":[124.152,124.152,100],"ix":6,"l":2}},"ao":0,"shapes":[{"ty":"gr","it":[{"ind":0,"ty":"sh","ix":1,"ks":{"a":0,"k":{"i":[[25.34,0],[0,0],[-28.501,1.076],[-0.763,0],[-5.976,-2.02],[0,1.118],[-65.604,0],[-14.007,-5.821],[-82.189,0],[-19.959,-76.605],[-17.738,0],[0,-65.615],[0.012,-0.784],[-7.223,0],[-5.372,-1.596]],"o":[[0,0],[-28.521,0],[0.756,-0.028],[6.653,0],[-0.035,-1.105],[0,-65.615],[16.109,0],[20.588,-75.666],[82.842,0],[15.112,-6.974],[65.615,0],[0,0.785],[6.404,-2.353],[5.891,0],[24.291,7.217]],"v":[[363.726,142.66],[-364.61,142.66],[-365.854,98.686],[-363.574,98.643],[-344.554,101.756],[-344.602,98.417],[-225.797,-20.387],[-180.319,-11.358],[-8.35,-142.66],[164.106,-9.528],[213.778,-20.387],[332.582,98.417],[332.558,100.77],[353.111,97.122],[370.064,99.575]],"c":true},"ix":2},"nm":"Path 1","mn":"ADBE Vector Shape - Group","hd":false},{"ty":"fl","c":{"a":1,"k":[{"i":{"x":[0.833],"y":[0.833]},"o":{"x":[0.167],"y":[0.167]},"t":70,"s":[0.827000038297,0.827000038297,0.827000038297,1]},{"i":{"x":[0.833],"y":[0.833]},"o":{"x":[0.167],"y":[0.167]},"t":73,"s":[0.898039221764,1,0.994002282619,1]},{"t":76.0000030955435,"s":[0.827000038297,0.827000038297,0.827000038297,1]}],"ix":4},"o":{"a":0,"k":100,"ix":5},"r":1,"bm":0,"nm":"Fill 1","mn":"ADBE Vector Graphic - Fill","hd":false},{"ty":"tr","p":{"a":0,"k":[394.605,142.91],"ix":2},"a":{"a":0,"k":[0,0],"ix":1},"s":{"a":0,"k":[100,100],"ix":3},"r":{"a":0,"k":0,"ix":6},"o":{"a":0,"k":100,"ix":7},"sk":{"a":0,"k":0,"ix":4},"sa":{"a":0,"k":0,"ix":5},"nm":"Transform"}],"nm":"Group 1","np":2,"cix":2,"bm":0,"ix":1,"mn":"ADBE Vector Group","hd":false}],"ip":0,"op":150.000006109625,"st":0,"bm":0},{"ddd":0,"ind":20,"ty":4,"nm":"Nublado Outlines 2","sr":1,"ks":{"o":{"a":0,"k":100,"ix":11},"r":{"a":0,"k":0,"ix":10},"p":{"a":1,"k":[{"i":{"x":0.833,"y":0.833},"o":{"x":0.167,"y":0.167},"t":60,"s":[-927.76,525.34,0],"to":[240.167,0,0],"ti":[-240.167,0,0]},{"t":70.0000028511585,"s":[513.24,525.34,0]}],"ix":2,"l":2},"a":{"a":0,"k":[394.605,142.91,0],"ix":1,"l":2},"s":{"a":0,"k":[105,105,100],"ix":6,"l":2}},"ao":0,"shapes":[{"ty":"gr","it":[{"ind":0,"ty":"sh","ix":1,"ks":{"a":0,"k":{"i":[[25.34,0],[0,0],[-28.501,1.076],[-0.763,0],[-5.976,-2.02],[0,1.118],[-65.604,0],[-14.007,-5.821],[-82.189,0],[-19.959,-76.605],[-17.738,0],[0,-65.615],[0.012,-0.784],[-7.223,0],[-5.372,-1.596]],"o":[[0,0],[-28.521,0],[0.756,-0.028],[6.653,0],[-0.035,-1.105],[0,-65.615],[16.109,0],[20.588,-75.666],[82.842,0],[15.112,-6.974],[65.615,0],[0,0.785],[6.404,-2.353],[5.891,0],[24.291,7.217]],"v":[[363.726,142.66],[-364.61,142.66],[-365.854,98.686],[-363.574,98.643],[-344.554,101.756],[-344.602,98.417],[-225.797,-20.387],[-180.319,-11.358],[-8.35,-142.66],[164.106,-9.528],[213.778,-20.387],[332.582,98.417],[332.558,100.77],[353.111,97.122],[370.064,99.575]],"c":true},"ix":2},"nm":"Path 1","mn":"ADBE Vector Shape - Group","hd":false},{"ty":"fl","c":{"a":1,"k":[{"i":{"x":[0.833],"y":[0.833]},"o":{"x":[0.167],"y":[0.167]},"t":70,"s":[0.490196079016,0.490196079016,0.490196079016,1]},{"i":{"x":[0.833],"y":[0.833]},"o":{"x":[0.167],"y":[0.167]},"t":73,"s":[0.901960790157,1,0.9527105093,1]},{"t":76.0000030955435,"s":[0.490196079016,0.490196079016,0.490196079016,1]}],"ix":4},"o":{"a":0,"k":100,"ix":5},"r":1,"bm":0,"nm":"Fill 1","mn":"ADBE Vector Graphic - Fill","hd":false},{"ty":"tr","p":{"a":0,"k":[394.605,142.91],"ix":2},"a":{"a":0,"k":[0,0],"ix":1},"s":{"a":0,"k":[100,100],"ix":3},"r":{"a":0,"k":0,"ix":6},"o":{"a":0,"k":100,"ix":7},"sk":{"a":0,"k":0,"ix":4},"sa":{"a":0,"k":0,"ix":5},"nm":"Transform"}],"nm":"Group 1","np":2,"cix":2,"bm":0,"ix":1,"mn":"ADBE Vector Group","hd":false}],"ip":0,"op":150.000006109625,"st":0,"bm":0},{"ddd":0,"ind":22,"ty":4,"nm":"Nublado 2 Outlines 2","parent":23,"sr":1,"ks":{"o":{"a":0,"k":100,"ix":11},"r":{"a":0,"k":0,"ix":10},"p":{"a":0,"k":[876.605,-129.09,0],"ix":2,"l":2},"a":{"a":0,"k":[394.605,142.91,0],"ix":1,"l":2},"s":{"a":0,"k":[113,113,100],"ix":6,"l":2}},"ao":0,"shapes":[{"ty":"gr","it":[{"ind":0,"ty":"sh","ix":1,"ks":{"a":0,"k":{"i":[[25.34,0],[0,0],[-28.501,1.076],[-0.762,0],[-5.976,-2.02],[0,1.118],[-65.604,0],[-14.007,-5.821],[-82.189,0],[-19.959,-76.605],[-17.738,0],[0,-65.615],[0.012,-0.784],[-7.223,0],[-5.372,-1.596]],"o":[[0,0],[-28.52,0],[0.756,-0.028],[6.654,0],[-0.035,-1.105],[0,-65.615],[16.109,0],[20.589,-75.666],[82.842,0],[15.111,-6.974],[65.615,0],[0,0.785],[6.403,-2.353],[5.89,0],[24.291,7.217]],"v":[[363.726,142.66],[-364.611,142.66],[-365.854,98.686],[-363.575,98.643],[-344.554,101.756],[-344.601,98.417],[-225.797,-20.387],[-180.319,-11.358],[-8.35,-142.66],[164.106,-9.528],[213.778,-20.387],[332.581,98.417],[332.558,100.77],[353.111,97.122],[370.064,99.575]],"c":true},"ix":2},"nm":"Path 1","mn":"ADBE Vector Shape - Group","hd":false},{"ty":"fl","c":{"a":1,"k":[{"i":{"x":[0.667],"y":[1]},"o":{"x":[0.333],"y":[0]},"t":70,"s":[0.709999952129,0.709999952129,0.709999952129,1]},{"i":{"x":[0.667],"y":[1]},"o":{"x":[0.333],"y":[0]},"t":73,"s":[0.800000011921,0.988235294819,1,1]},{"t":76.0000030955435,"s":[0.709999952129,0.709999952129,0.709999952129,1]}],"ix":4},"o":{"a":0,"k":100,"ix":5},"r":1,"bm":0,"nm":"Fill 1","mn":"ADBE Vector Graphic - Fill","hd":false},{"ty":"tr","p":{"a":0,"k":[394.605,142.91],"ix":2},"a":{"a":0,"k":[0,0],"ix":1},"s":{"a":0,"k":[100,100],"ix":3},"r":{"a":0,"k":0,"ix":6},"o":{"a":0,"k":100,"ix":7},"sk":{"a":0,"k":0,"ix":4},"sa":{"a":0,"k":0,"ix":5},"nm":"Transform"}],"nm":"Group 1","np":2,"cix":2,"bm":0,"ix":1,"mn":"ADBE Vector Group","hd":false}],"ip":0,"op":150.000006109625,"st":0,"bm":0},{"ddd":0,"ind":23,"ty":4,"nm":"Nublado 2 Outlines","parent":25,"sr":1,"ks":{"o":{"a":0,"k":100,"ix":11},"r":{"a":0,"k":0,"ix":10},"p":{"a":0,"k":[51.228,124.305,0],"ix":2,"l":2},"a":{"a":0,"k":[394.605,142.91,0],"ix":1,"l":2},"s":{"a":0,"k":[77.519,77.519,100],"ix":6,"l":2}},"ao":0,"shapes":[{"ty":"gr","it":[{"ind":0,"ty":"sh","ix":1,"ks":{"a":0,"k":{"i":[[25.34,0],[0,0],[-28.501,1.076],[-0.762,0],[-5.976,-2.02],[0,1.118],[-65.604,0],[-14.007,-5.821],[-82.189,0],[-19.959,-76.605],[-17.738,0],[0,-65.615],[0.012,-0.784],[-7.223,0],[-5.372,-1.596]],"o":[[0,0],[-28.52,0],[0.756,-0.028],[6.654,0],[-0.035,-1.105],[0,-65.615],[16.109,0],[20.589,-75.666],[82.842,0],[15.111,-6.974],[65.615,0],[0,0.785],[6.403,-2.353],[5.89,0],[24.291,7.217]],"v":[[363.726,142.66],[-364.611,142.66],[-365.854,98.686],[-363.575,98.643],[-344.554,101.756],[-344.601,98.417],[-225.797,-20.387],[-180.319,-11.358],[-8.35,-142.66],[164.106,-9.528],[213.778,-20.387],[332.581,98.417],[332.558,100.77],[353.111,97.122],[370.064,99.575]],"c":true},"ix":2},"nm":"Path 1","mn":"ADBE Vector Shape - Group","hd":false},{"ty":"fl","c":{"a":1,"k":[{"i":{"x":[0.833],"y":[0.833]},"o":{"x":[0.167],"y":[0.167]},"t":70,"s":[0.505882382393,0.505882382393,0.505882382393,1]},{"i":{"x":[0.833],"y":[0.833]},"o":{"x":[0.167],"y":[0.167]},"t":73,"s":[0.72498267889,0.952941179276,0.794711232185,1]},{"t":76.0000030955435,"s":[0.505882382393,0.505882382393,0.505882382393,1]}],"ix":4},"o":{"a":0,"k":100,"ix":5},"r":1,"bm":0,"nm":"Fill 1","mn":"ADBE Vector Graphic - Fill","hd":false},{"ty":"tr","p":{"a":0,"k":[394.605,142.91],"ix":2},"a":{"a":0,"k":[0,0],"ix":1},"s":{"a":0,"k":[100,100],"ix":3},"r":{"a":0,"k":0,"ix":6},"o":{"a":0,"k":100,"ix":7},"sk":{"a":0,"k":0,"ix":4},"sa":{"a":0,"k":0,"ix":5},"nm":"Transform"}],"nm":"Group 1","np":2,"cix":2,"bm":0,"ix":1,"mn":"ADBE Vector Group","hd":false}],"ip":0,"op":150.000006109625,"st":0,"bm":0},{"ddd":0,"ind":25,"ty":4,"nm":"Nublado Outlines","sr":1,"ks":{"o":{"a":0,"k":100,"ix":11},"r":{"a":0,"k":0,"ix":10},"p":{"a":1,"k":[{"i":{"x":0.833,"y":0.833},"o":{"x":0.167,"y":0.167},"t":60,"s":[2786.24,501.34,0],"to":[-250.167,0,0],"ti":[250.167,0,0]},{"t":70.0000028511585,"s":[1285.24,501.34,0]}],"ix":2,"l":2},"a":{"a":0,"k":[394.605,142.91,0],"ix":1,"l":2},"s":{"a":0,"k":[129,129,100],"ix":6,"l":2}},"ao":0,"shapes":[{"ty":"gr","it":[{"ind":0,"ty":"sh","ix":1,"ks":{"a":0,"k":{"i":[[25.34,0],[0,0],[-28.501,1.076],[-0.763,0],[-5.976,-2.02],[0,1.118],[-65.604,0],[-14.007,-5.821],[-82.189,0],[-19.959,-76.605],[-17.738,0],[0,-65.615],[0.012,-0.784],[-7.223,0],[-5.372,-1.596]],"o":[[0,0],[-28.521,0],[0.756,-0.028],[6.653,0],[-0.035,-1.105],[0,-65.615],[16.109,0],[20.588,-75.666],[82.842,0],[15.112,-6.974],[65.615,0],[0,0.785],[6.404,-2.353],[5.891,0],[24.291,7.217]],"v":[[363.726,142.66],[-364.61,142.66],[-365.854,98.686],[-363.574,98.643],[-344.554,101.756],[-344.602,98.417],[-225.797,-20.387],[-180.319,-11.358],[-8.35,-142.66],[164.106,-9.528],[213.778,-20.387],[332.582,98.417],[332.558,100.77],[353.111,97.122],[370.064,99.575]],"c":true},"ix":2},"nm":"Path 1","mn":"ADBE Vector Shape - Group","hd":false},{"ty":"fl","c":{"a":1,"k":[{"i":{"x":[0.833],"y":[0.833]},"o":{"x":[0.167],"y":[0.167]},"t":70,"s":[0.827000038297,0.827000038297,0.827000038297,1]},{"i":{"x":[0.833],"y":[0.833]},"o":{"x":[0.167],"y":[0.167]},"t":73,"s":[0.938100755215,0.980392158031,0.944071292877,1]},{"t":76.0000030955435,"s":[0.827000038297,0.827000038297,0.827000038297,1]}],"ix":4},"o":{"a":0,"k":100,"ix":5},"r":1,"bm":0,"nm":"Fill 1","mn":"ADBE Vector Graphic - Fill","hd":false},{"ty":"tr","p":{"a":0,"k":[394.605,142.91],"ix":2},"a":{"a":0,"k":[0,0],"ix":1},"s":{"a":0,"k":[100,100],"ix":3},"r":{"a":0,"k":0,"ix":6},"o":{"a":0,"k":100,"ix":7},"sk":{"a":0,"k":0,"ix":4},"sa":{"a":0,"k":0,"ix":5},"nm":"Transform"}],"nm":"Group 1","np":2,"cix":2,"bm":0,"ix":1,"mn":"ADBE Vector Group","hd":false}],"ip":0,"op":150.000006109625,"st":0,"bm":0},{"ddd":0,"ind":27,"ty":4,"nm":"Nubes Outlines","sr":1,"ks":{"o":{"a":1,"k":[{"i":{"x":[0.833],"y":[0.833]},"o":{"x":[0.167],"y":[0.167]},"t":69,"s":[100]},{"t":70.0000028511585,"s":[0]}],"ix":11},"r":{"a":0,"k":0,"ix":10},"p":{"a":1,"k":[{"i":{"x":0.833,"y":0.833},"o":{"x":0.167,"y":0.167},"t":0,"s":[1031.084,370.59,0],"to":[-9.5,0,0],"ti":[9.5,0,0]},{"t":50.0000020365418,"s":[974.084,370.59,0]}],"ix":2,"l":2},"a":{"a":0,"k":[931.08,276.659,0],"ix":1,"l":2},"s":{"a":0,"k":[100,100,100],"ix":6,"l":2}},"ao":0,"shapes":[{"ty":"gr","it":[{"ind":0,"ty":"sh","ix":1,"ks":{"a":0,"k":{"i":[[11.263,0],[0,0],[-12.668,0.479],[-0.339,0],[-2.656,-0.898],[0,0.496],[-29.159,0],[-6.226,-2.588],[-36.532,0],[-8.872,-34.049],[-7.884,0],[0,-29.165],[0.006,-0.349],[-3.21,0],[-2.387,-0.709]],"o":[[0,0],[-12.678,0],[0.336,-0.013],[2.957,0],[-0.016,-0.491],[0,-29.165],[7.161,0],[9.151,-33.632],[36.821,0],[6.717,-3.099],[29.165,0],[0,0.349],[2.847,-1.046],[2.618,0],[10.797,3.208]],"v":[[161.669,63.409],[-162.062,63.409],[-162.615,43.864],[-161.602,43.846],[-153.148,45.229],[-153.169,43.745],[-100.363,-9.061],[-80.148,-5.048],[-3.711,-63.409],[72.942,-4.235],[95.02,-9.061],[147.826,43.745],[147.815,44.791],[156.951,43.169],[164.486,44.26]],"c":true},"ix":2},"nm":"Path 1","mn":"ADBE Vector Shape - Group","hd":false},{"ty":"fl","c":{"a":0,"k":[0.910000011968,0.811999990426,0.811999990426,1],"ix":4},"o":{"a":0,"k":100,"ix":5},"r":1,"bm":0,"nm":"Fill 1","mn":"ADBE Vector Graphic - Fill","hd":false},{"ty":"tr","p":{"a":0,"k":[175.533,489.659],"ix":2},"a":{"a":0,"k":[0,0],"ix":1},"s":{"a":0,"k":[100,100],"ix":3},"r":{"a":0,"k":0,"ix":6},"o":{"a":0,"k":100,"ix":7},"sk":{"a":0,"k":0,"ix":4},"sa":{"a":0,"k":0,"ix":5},"nm":"Transform"}],"nm":"Group 1","np":2,"cix":2,"bm":0,"ix":1,"mn":"ADBE Vector Group","hd":false},{"ty":"gr","it":[{"ind":0,"ty":"sh","ix":1,"ks":{"a":0,"k":{"i":[[11.263,0],[0,0],[-12.668,0.478],[-0.339,0],[-2.656,-0.898],[0,0.497],[-29.159,0],[-6.226,-2.587],[-36.532,0],[-8.872,-34.049],[-7.884,0],[0,-29.165],[0.006,-0.348],[-3.21,0],[-2.387,-0.71]],"o":[[0,0],[-12.678,0],[0.336,-0.013],[2.957,0],[-0.016,-0.491],[0,-29.165],[7.161,0],[9.151,-33.632],[36.821,0],[6.717,-3.099],[29.165,0],[0,0.349],[2.847,-1.045],[2.618,0],[10.797,3.207]],"v":[[161.669,63.409],[-162.062,63.409],[-162.615,43.865],[-161.602,43.846],[-153.148,45.229],[-153.169,43.745],[-100.363,-9.061],[-80.148,-5.048],[-3.711,-63.409],[72.942,-4.235],[95.02,-9.061],[147.826,43.745],[147.815,44.789],[156.951,43.169],[164.486,44.26]],"c":true},"ix":2},"nm":"Path 1","mn":"ADBE Vector Shape - Group","hd":false},{"ty":"fl","c":{"a":0,"k":[0.910000011968,0.811999990426,0.811999990426,1],"ix":4},"o":{"a":0,"k":100,"ix":5},"r":1,"bm":0,"nm":"Fill 1","mn":"ADBE Vector Graphic - Fill","hd":false},{"ty":"tr","p":{"a":0,"k":[714.533,63.66],"ix":2},"a":{"a":0,"k":[0,0],"ix":1},"s":{"a":0,"k":[100,100],"ix":3},"r":{"a":0,"k":0,"ix":6},"o":{"a":0,"k":100,"ix":7},"sk":{"a":0,"k":0,"ix":4},"sa":{"a":0,"k":0,"ix":5},"nm":"Transform"}],"nm":"Group 2","np":2,"cix":2,"bm":0,"ix":2,"mn":"ADBE Vector Group","hd":false},{"ty":"gr","it":[{"ind":0,"ty":"sh","ix":1,"ks":{"a":0,"k":{"i":[[7.068,0],[0,0],[-7.951,0.3],[-0.213,0],[-1.667,-0.563],[0,0.312],[-18.301,0],[-3.908,-1.624],[-22.927,0],[-5.567,-21.369],[-4.948,0],[0,-18.304],[0.004,-0.218],[-2.015,0],[-1.498,-0.445]],"o":[[0,0],[-7.956,0],[0.211,-0.008],[1.856,0],[-0.01,-0.308],[0,-18.304],[4.494,0],[5.743,-21.108],[23.11,0],[4.216,-1.945],[18.304,0],[0,0.219],[1.786,-0.656],[1.644,0],[6.776,2.013]],"v":[[101.466,39.796],[-101.711,39.796],[-102.059,27.53],[-101.422,27.517],[-96.117,28.386],[-96.13,27.454],[-62.989,-5.686],[-50.302,-3.168],[-2.33,-39.796],[45.779,-2.658],[59.635,-5.686],[92.777,27.454],[92.771,28.111],[98.503,27.094],[103.233,27.777]],"c":true},"ix":2},"nm":"Path 1","mn":"ADBE Vector Shape - Group","hd":false},{"ty":"fl","c":{"a":0,"k":[0.859000052658,0.74900004069,0.74900004069,1],"ix":4},"o":{"a":0,"k":100,"ix":5},"r":1,"bm":0,"nm":"Fill 1","mn":"ADBE Vector Graphic - Fill","hd":false},{"ty":"tr","p":{"a":0,"k":[876.538,87.273],"ix":2},"a":{"a":0,"k":[0,0],"ix":1},"s":{"a":0,"k":[100,100],"ix":3},"r":{"a":0,"k":0,"ix":6},"o":{"a":0,"k":100,"ix":7},"sk":{"a":0,"k":0,"ix":4},"sa":{"a":0,"k":0,"ix":5},"nm":"Transform"}],"nm":"Group 3","np":2,"cix":2,"bm":0,"ix":3,"mn":"ADBE Vector Group","hd":false},{"ty":"gr","it":[{"ind":0,"ty":"sh","ix":1,"ks":{"a":0,"k":{"i":[[7.068,0],[0,0],[-7.951,0.3],[-0.213,0],[-1.667,-0.564],[0,0.312],[-18.301,0],[-3.907,-1.624],[-22.928,0],[-5.567,-21.37],[-4.948,0],[0,-18.304],[0.004,-0.218],[-2.015,0],[-1.498,-0.445]],"o":[[0,0],[-7.956,0],[0.211,-0.007],[1.856,0],[-0.01,-0.309],[0,-18.304],[4.494,0],[5.745,-21.107],[23.109,0],[4.216,-1.945],[18.304,0],[0,0.219],[1.786,-0.656],[1.644,0],[6.776,2.013]],"v":[[101.466,39.796],[-101.711,39.796],[-102.058,27.529],[-101.422,27.517],[-96.116,28.387],[-96.13,27.454],[-62.988,-5.686],[-50.302,-3.168],[-2.329,-39.796],[45.779,-2.658],[59.635,-5.686],[92.777,27.454],[92.77,28.111],[98.503,27.094],[103.233,27.777]],"c":true},"ix":2},"nm":"Path 1","mn":"ADBE Vector Shape - Group","hd":false},{"ty":"fl","c":{"a":0,"k":[0.859000052658,0.74900004069,0.74900004069,1],"ix":4},"o":{"a":0,"k":100,"ix":5},"r":1,"bm":0,"nm":"Fill 1","mn":"ADBE Vector Graphic - Fill","hd":false},{"ty":"tr","p":{"a":0,"k":[995.538,473.273],"ix":2},"a":{"a":0,"k":[0,0],"ix":1},"s":{"a":0,"k":[100,100],"ix":3},"r":{"a":0,"k":0,"ix":6},"o":{"a":0,"k":100,"ix":7},"sk":{"a":0,"k":0,"ix":4},"sa":{"a":0,"k":0,"ix":5},"nm":"Transform"}],"nm":"Group 4","np":2,"cix":2,"bm":0,"ix":4,"mn":"ADBE Vector Group","hd":false},{"ty":"gr","it":[{"ind":0,"ty":"sh","ix":1,"ks":{"a":0,"k":{"i":[[9.81,0],[0,0],[-11.033,0.417],[-0.296,0],[-2.314,-0.783],[0,0.432],[-25.396,0],[-5.423,-2.253],[-31.817,0],[-7.727,-29.655],[-6.866,0],[0,-25.401],[0.003,-0.304],[-2.796,0],[-2.079,-0.618]],"o":[[0,0],[-11.041,0],[0.293,-0.011],[2.575,0],[-0.014,-0.428],[0,-25.401],[6.236,0],[7.969,-29.292],[32.069,0],[5.849,-2.699],[25.402,0],[0,0.303],[2.478,-0.911],[2.28,0],[9.403,2.794]],"v":[[140.806,55.226],[-141.146,55.226],[-141.629,38.203],[-140.745,38.186],[-133.381,39.392],[-133.401,38.099],[-87.41,-7.892],[-69.803,-4.397],[-3.232,-55.226],[63.53,-3.689],[82.757,-7.892],[128.749,38.099],[128.74,39.01],[136.697,37.598],[143.258,38.547]],"c":true},"ix":2},"nm":"Path 1","mn":"ADBE Vector Shape - Group","hd":false},{"ty":"fl","c":{"a":0,"k":[0.910000011968,0.811999990426,0.811999990426,1],"ix":4},"o":{"a":0,"k":100,"ix":5},"r":1,"bm":0,"nm":"Fill 1","mn":"ADBE Vector Graphic - Fill","hd":false},{"ty":"tr","p":{"a":0,"k":[1709.248,190.843],"ix":2},"a":{"a":0,"k":[0,0],"ix":1},"s":{"a":0,"k":[100,100],"ix":3},"r":{"a":0,"k":0,"ix":6},"o":{"a":0,"k":100,"ix":7},"sk":{"a":0,"k":0,"ix":4},"sa":{"a":0,"k":0,"ix":5},"nm":"Transform"}],"nm":"Group 5","np":2,"cix":2,"bm":0,"ix":5,"mn":"ADBE Vector Group","hd":false},{"ty":"gr","it":[{"ind":0,"ty":"sh","ix":1,"ks":{"a":0,"k":{"i":[[7.069,0],[0,0],[-7.951,0.3],[-0.213,0],[-1.667,-0.563],[0,0.312],[-18.3,0],[-3.907,-1.624],[-22.928,0],[-5.568,-21.369],[-4.948,0],[0,-18.304],[0.003,-0.218],[-2.015,0],[-1.498,-0.445]],"o":[[0,0],[-7.956,0],[0.211,-0.008],[1.856,0],[-0.01,-0.308],[0,-18.304],[4.495,0],[5.744,-21.108],[23.109,0],[4.216,-1.945],[18.305,0],[0,0.219],[1.786,-0.656],[1.643,0],[6.776,2.013]],"v":[[101.465,39.796],[-101.712,39.796],[-102.058,27.53],[-101.423,27.517],[-96.117,28.386],[-96.13,27.454],[-62.989,-5.686],[-50.302,-3.168],[-2.329,-39.796],[45.779,-2.658],[59.635,-5.686],[92.777,27.454],[92.771,28.111],[98.504,27.094],[103.233,27.777]],"c":true},"ix":2},"nm":"Path 1","mn":"ADBE Vector Shape - Group","hd":false},{"ty":"fl","c":{"a":0,"k":[0.910000011968,0.811999990426,0.811999990426,1],"ix":4},"o":{"a":0,"k":100,"ix":5},"r":1,"bm":0,"nm":"Fill 1","mn":"ADBE Vector Graphic - Fill","hd":false},{"ty":"tr","p":{"a":0,"k":[267.462,209.273],"ix":2},"a":{"a":0,"k":[0,0],"ix":1},"s":{"a":0,"k":[100,100],"ix":3},"r":{"a":0,"k":0,"ix":6},"o":{"a":0,"k":100,"ix":7},"sk":{"a":0,"k":0,"ix":4},"sa":{"a":0,"k":0,"ix":5},"nm":"Transform"}],"nm":"Group 6","np":2,"cix":2,"bm":0,"ix":6,"mn":"ADBE Vector Group","hd":false}],"ip":0,"op":150.000006109625,"st":0,"bm":0},{"ddd":0,"ind":29,"ty":4,"nm":"sol Outlines","sr":1,"ks":{"o":{"a":1,"k":[{"i":{"x":[0.833],"y":[0.833]},"o":{"x":[0.167],"y":[0.167]},"t":66,"s":[100]},{"t":67.0000027289659,"s":[0]}],"ix":11},"r":{"a":0,"k":0,"ix":10},"p":{"a":0,"k":[219,196,0],"ix":2,"l":2},"a":{"a":0,"k":[130.25,130.25,0],"ix":1,"l":2},"s":{"a":0,"k":[100,100,100],"ix":6,"l":2}},"ao":0,"shapes":[{"ty":"gr","it":[{"ind":0,"ty":"sh","ix":1,"ks":{"a":0,"k":{"i":[[0,-49.706],[49.706,0],[0,49.706],[-49.706,0]],"o":[[0,49.706],[-49.706,0],[0,-49.706],[49.706,0]],"v":[[90,0],[0,90],[-90,0],[0,-90]],"c":true},"ix":2},"nm":"Path 1","mn":"ADBE Vector Shape - Group","hd":false},{"ty":"fl","c":{"a":0,"k":[0.8,0.588000009574,0.588000009574,1],"ix":4},"o":{"a":0,"k":100,"ix":5},"r":1,"bm":0,"nm":"Fill 1","mn":"ADBE Vector Graphic - Fill","hd":false},{"ty":"tr","p":{"a":0,"k":[129.25,131.25],"ix":2},"a":{"a":0,"k":[0,0],"ix":1},"s":{"a":0,"k":[100,100],"ix":3},"r":{"a":0,"k":0,"ix":6},"o":{"a":0,"k":100,"ix":7},"sk":{"a":0,"k":0,"ix":4},"sa":{"a":0,"k":0,"ix":5},"nm":"Transform"}],"nm":"Group 1","np":2,"cix":2,"bm":0,"ix":1,"mn":"ADBE Vector Group","hd":false},{"ty":"gr","it":[{"ind":0,"ty":"sh","ix":1,"ks":{"a":0,"k":{"i":[[0,-60.751],[60.751,0],[0,60.751],[-60.751,0]],"o":[[0,60.751],[-60.751,0],[0,-60.751],[60.751,0]],"v":[[110,0],[0,110],[-110,0],[0,-110]],"c":true},"ix":2},"nm":"Path 1","mn":"ADBE Vector Shape - Group","hd":false},{"ty":"fl","c":{"a":0,"k":[0.859000052658,0.74900004069,0.74900004069,1],"ix":4},"o":{"a":0,"k":100,"ix":5},"r":1,"bm":0,"nm":"Fill 1","mn":"ADBE Vector Graphic - Fill","hd":false},{"ty":"tr","p":{"a":0,"k":[129.25,130.25],"ix":2},"a":{"a":0,"k":[0,0],"ix":1},"s":{"a":0,"k":[100,100],"ix":3},"r":{"a":0,"k":0,"ix":6},"o":{"a":0,"k":100,"ix":7},"sk":{"a":0,"k":0,"ix":4},"sa":{"a":0,"k":0,"ix":5},"nm":"Transform"}],"nm":"Group 2","np":2,"cix":2,"bm":0,"ix":2,"mn":"ADBE Vector Group","hd":false},{"ty":"gr","it":[{"ind":0,"ty":"sh","ix":1,"ks":{"a":0,"k":{"i":[[0,-71.797],[71.797,0],[0,71.797],[-71.797,0]],"o":[[0,71.797],[-71.797,0],[0,-71.797],[71.797,0]],"v":[[130,0],[0,130],[-130,0],[0,-130]],"c":true},"ix":2},"nm":"Path 1","mn":"ADBE Vector Shape - Group","hd":false},{"ty":"fl","c":{"a":0,"k":[0.910000011968,0.811999990426,0.811999990426,1],"ix":4},"o":{"a":0,"k":100,"ix":5},"r":1,"bm":0,"nm":"Fill 1","mn":"ADBE Vector Graphic - Fill","hd":false},{"ty":"tr","p":{"a":0,"k":[130.25,130.25],"ix":2},"a":{"a":0,"k":[0,0],"ix":1},"s":{"a":0,"k":[100,100],"ix":3},"r":{"a":0,"k":0,"ix":6},"o":{"a":0,"k":100,"ix":7},"sk":{"a":0,"k":0,"ix":4},"sa":{"a":0,"k":0,"ix":5},"nm":"Transform"}],"nm":"Group 3","np":2,"cix":2,"bm":0,"ix":3,"mn":"ADBE Vector Group","hd":false}],"ip":0,"op":150.000006109625,"st":0,"bm":0},{"ddd":0,"ind":31,"ty":2,"nm":"Sky","refId":"image_1","sr":1,"ks":{"o":{"a":0,"k":100,"ix":11},"r":{"a":0,"k":0,"ix":10},"p":{"a":0,"k":[0,1080,0],"ix":2,"l":2},"a":{"a":0,"k":[0,0,0],"ix":1,"l":2},"s":{"a":0,"k":[100,100,100],"ix":6,"l":2}},"ao":0,"ip":0,"op":150.000006109625,"st":0,"bm":0}],"markers":[],"chars":[{"ch":"E","size":100,"style":"Regular","w":46.7,"data":{"shapes":[{"ty":"gr","it":[{"ind":0,"ty":"sh","ix":1,"ks":{"a":0,"k":{"i":[[0,0],[0,0],[0,0],[0,0],[0,0],[0,0],[0,0],[0,0],[0,0],[0,0],[0,0],[0,0]],"o":[[0,0],[0,0],[0,0],[0,0],[0,0],[0,0],[0,0],[0,0],[0,0],[0,0],[0,0],[0,0]],"v":[[7.7,0],[43.2,0],[43.2,-9.9],[18.8,-9.9],[18.8,-33.4],[35.8,-33.4],[35.8,-43.4],[18.8,-43.4],[18.8,-63.7],[39.9,-63.7],[39.9,-73.5],[7.7,-73.5]],"c":true},"ix":2},"nm":"E","mn":"ADBE Vector Shape - Group","hd":false}],"nm":"E","np":3,"cix":2,"bm":0,"ix":1,"mn":"ADBE Vector Group","hd":false}]},"fFamily":"Alata"},{"ch":"r","size":100,"style":"Regular","w":35.9,"data":{"shapes":[{"ty":"gr","it":[{"ind":0,"ty":"sh","ix":1,"ks":{"a":0,"k":{"i":[[0,0],[0,0],[0,0],[-2.567,2],[-3.134,0],[-0.6,-0.4],[0,0],[2.133,0],[2.4,-1.866],[1.066,-3.066],[0,0],[0,0]],"o":[[0,0],[0,0],[0,-4.4],[2.566,-2],[2,0],[0,0],[-0.8,-0.4],[-3.067,0],[-2.4,1.867],[0,0],[0,0],[0,0]],"v":[[6.8,0],[17.6,0],[17.6,-23.6],[21.45,-33.2],[30,-36.2],[33.9,-35.6],[35.4,-46.5],[31,-47.1],[22.8,-44.3],[17.6,-36.9],[17.6,-45.9],[6.8,-45.9]],"c":true},"ix":2},"nm":"r","mn":"ADBE Vector Shape - Group","hd":false}],"nm":"r","np":3,"cix":2,"bm":0,"ix":1,"mn":"ADBE Vector Group","hd":false}]},"fFamily":"Alata"},{"ch":"o","size":100,"style":"Regular","w":56.9,"data":{"shapes":[{"ty":"gr","it":[{"ind":0,"ty":"sh","ix":1,"ks":{"a":0,"k":{"i":[[-4.734,0],[-3.634,2.134],[-2,3.667],[0,4.467],[1.966,3.667],[3.633,2.134],[4.8,0],[3.666,-2.133],[1.966,-3.666],[0,-4.4],[-2,-3.666],[-3.667,-2.133]],"o":[[4.733,0],[3.633,-2.133],[2,-3.666],[0,-4.4],[-1.967,-3.666],[-3.634,-2.133],[-4.8,0],[-3.667,2.134],[-1.967,3.667],[0,4.467],[2,3.667],[3.666,2.134]],"v":[[28.5,1],[41.05,-2.2],[49.5,-10.9],[52.5,-23.1],[49.55,-35.2],[41.15,-43.9],[28.5,-47.1],[15.8,-43.9],[7.35,-35.2],[4.4,-23.1],[7.4,-10.9],[15.9,-2.2]],"c":true},"ix":2},"nm":"o","mn":"ADBE Vector Shape - Group","hd":false},{"ind":1,"ty":"sh","ix":2,"ks":{"a":0,"k":{"i":[[3.866,0],[2.466,2.9],[0,4.267],[-2.3,2.934],[-3.8,0],[-2.4,-2.966],[0,-4.333],[2.233,-2.866]],"o":[[-3.867,0],[-2.467,-2.9],[0,-4.4],[2.3,-2.933],[3.933,0],[2.4,2.967],[0,4.334],[-2.234,2.867]],"v":[[28.8,-7.8],[19.3,-12.15],[15.6,-22.9],[19.05,-33.9],[28.2,-38.3],[37.7,-33.85],[41.3,-22.9],[37.95,-12.1]],"c":true},"ix":2},"nm":"o","mn":"ADBE Vector Shape - Group","hd":false}],"nm":"o","np":5,"cix":2,"bm":0,"ix":1,"mn":"ADBE Vector Group","hd":false}]},"fFamily":"Alata"},{"ch":" ","size":100,"style":"Regular","w":24.5,"data":{},"fFamily":"Alata"},{"ch":"4","size":100,"style":"Regular","w":65.4,"data":{"shapes":[{"ty":"gr","it":[{"ind":0,"ty":"sh","ix":1,"ks":{"a":0,"k":{"i":[[0,0],[0,0],[0,0],[0,0],[0,0],[0,0],[0,0],[0,0],[0,0],[0,0],[0,0],[0,0],[0,0],[0,0]],"o":[[0,0],[0,0],[0,0],[0,0],[0,0],[0,0],[0,0],[0,0],[0,0],[0,0],[0,0],[0,0],[0,0],[0,0]],"v":[[38.1,0],[49.8,0],[49.8,-18.4],[60,-18.4],[60,-28.9],[49.8,-28.9],[49.8,-45.6],[38.7,-45.6],[38.1,-28.9],[20.1,-28.9],[36,-72.1],[25.6,-76],[4.5,-18.4],[38.1,-18.4]],"c":true},"ix":2},"nm":"4","mn":"ADBE Vector Shape - Group","hd":false}],"nm":"4","np":3,"cix":2,"bm":0,"ix":1,"mn":"ADBE Vector Group","hd":false}]},"fFamily":"Alata"},{"ch":"0","size":100,"style":"Regular","w":64.7,"data":{"shapes":[{"ty":"gr","it":[{"ind":0,"ty":"sh","ix":1,"ks":{"a":0,"k":{"i":[[-9.2,0],[-4.334,6.967],[0,11.534],[17.8,0],[4.2,-6.833],[0,-11.666],[-4.334,-7.066]],"o":[[9.133,0],[4.333,-6.966],[0,-25.333],[-9.467,0],[-4.2,6.834],[0,11.334],[4.333,7.067]],"v":[[32.4,1.5],[52.6,-8.95],[59.1,-36.7],[32.4,-74.7],[11.9,-64.45],[5.6,-36.7],[12.1,-9.1]],"c":true},"ix":2},"nm":"0","mn":"ADBE Vector Shape - Group","hd":false},{"ind":1,"ty":"sh","ix":2,"ks":{"a":0,"k":{"i":[[5.466,0],[0,18.667],[-2.1,5],[-5.534,0],[-2.067,-5],[0,-8.6],[2.1,-5.233]],"o":[[-9.734,0],[0,-8.6],[2.1,-5],[5.533,0],[2.066,5],[0,8.2],[-2.1,5.234]],"v":[[32.4,-8.7],[17.8,-36.7],[20.95,-57.1],[32.4,-64.6],[43.8,-57.1],[46.9,-36.7],[43.75,-16.55]],"c":true},"ix":2},"nm":"0","mn":"ADBE Vector Shape - Group","hd":false}],"nm":"0","np":5,"cix":2,"bm":0,"ix":1,"mn":"ADBE Vector Group","hd":false}]},"fFamily":"Alata"}]}