{"v":"5.7.0","fr":30,"ip":0,"op":150,"w":1200,"h":800,"nm":"Composição 1","ddd":0,"assets":[],"fonts":{"list":[{"fName":"FjallaOne-Regular","fFamily":"Fjalla One","fStyle":"Regular","ascent":88.818359375}]},"layers":[{"ddd":0,"ind":4,"ty":5,"nm":"<camada de texto vazia>","sr":1,"ks":{"o":{"a":0,"k":100,"ix":11},"r":{"a":0,"k":0,"ix":10},"p":{"a":0,"k":[-552,860,0],"ix":2},"a":{"a":0,"k":[0,0,0],"ix":1},"s":{"a":0,"k":[100,100,100],"ix":6}},"ao":0,"t":{"d":{"k":[{"s":{"s":46,"f":"FjallaOne-Regular","t":"","j":0,"tr":0,"lh":55.2,"ls":0,"fc":[0.305,0.011,0.449]},"t":0}]},"p":{},"m":{"g":1,"a":{"a":0,"k":[0,0],"ix":2}},"a":[]},"ip":0,"op":300,"st":0,"bm":0},{"ddd":0,"ind":6,"ty":5,"nm":"found","sr":1,"ks":{"o":{"a":0,"k":100,"ix":11},"r":{"a":1,"k":[{"i":{"x":[0.833],"y":[0.833]},"o":{"x":[0.167],"y":[0.167]},"t":60,"s":[0]},{"i":{"x":[0.833],"y":[0.833]},"o":{"x":[0.167],"y":[0.167]},"t":64,"s":[0]},{"i":{"x":[0.833],"y":[0.833]},"o":{"x":[0.167],"y":[0.167]},"t":88,"s":[15.739]},{"i":{"x":[0.833],"y":[0.833]},"o":{"x":[0.167],"y":[0.167]},"t":96,"s":[170.887]},{"i":{"x":[0.833],"y":[0.833]},"o":{"x":[0.167],"y":[0.167]},"t":105,"s":[37.304]},{"i":{"x":[0.833],"y":[0.833]},"o":{"x":[0.167],"y":[0.167]},"t":113,"s":[143.04]},{"i":{"x":[0.833],"y":[0.833]},"o":{"x":[0.167],"y":[0.167]},"t":120,"s":[49.404]},{"i":{"x":[0.833],"y":[0.833]},"o":{"x":[0.167],"y":[0.167]},"t":129,"s":[113.633]},{"i":{"x":[0.833],"y":[0.833]},"o":{"x":[0.167],"y":[0.167]},"t":140,"s":[81]},{"t":149,"s":[90]}],"ix":10},"p":{"a":0,"k":[684,598,0],"ix":2},"a":{"a":0,"k":[0,0,0],"ix":1},"s":{"a":0,"k":[100,100,100],"ix":6}},"ao":0,"t":{"d":{"k":[{"s":{"s":83,"f":"FjallaOne-Regular","t":"found","j":0,"tr":0,"lh":99.6,"ls":0,"fc":[0,0,0]},"t":0}]},"p":{},"m":{"g":1,"a":{"a":0,"k":[0,0],"ix":2}},"a":[]},"ip":0,"op":300,"st":0,"bm":0},{"ddd":0,"ind":7,"ty":5,"nm":"page ","sr":1,"ks":{"o":{"a":0,"k":100,"ix":11},"r":{"a":0,"k":360,"ix":10},"p":{"a":1,"k":[{"i":{"x":0.833,"y":0.833},"o":{"x":0.167,"y":0.167},"t":63,"s":[370,595.439,0],"to":[0,3.922,0],"ti":[0,-8.126,0]},{"i":{"x":0.833,"y":0.833},"o":{"x":0.167,"y":0.167},"t":68,"s":[370,697.149,0],"to":[0,2.369,0],"ti":[0,-1.4,0]},{"i":{"x":0.833,"y":0.833},"o":{"x":0.167,"y":0.167},"t":73,"s":[370,607.761,0],"to":[0,4.709,0],"ti":[0,-11.531,0]},{"i":{"x":0.833,"y":0.833},"o":{"x":0.167,"y":0.167},"t":78,"s":[370,697.845,0],"to":[0,7.57,0],"ti":[0,0.807,0]},{"i":{"x":0.833,"y":0.833},"o":{"x":0.167,"y":0.167},"t":83,"s":[370,651.406,0],"to":[0,-1.018,0],"ti":[0,-12.736,0]},{"i":{"x":0.833,"y":0.833},"o":{"x":0.167,"y":0.167},"t":87,"s":[370,698.083,0],"to":[0,2.833,0],"ti":[0,0.384,0]},{"i":{"x":0.833,"y":0.833},"o":{"x":0.167,"y":0.167},"t":92,"s":[370,681.161,0],"to":[0,-0.369,0],"ti":[0,-3.29,0]},{"i":{"x":0.833,"y":0.833},"o":{"x":0.167,"y":0.167},"t":95,"s":[370,695.852,0],"to":[0,0.305,0],"ti":[0,-0.215,0]},{"i":{"x":0.833,"y":0.833},"o":{"x":0.167,"y":0.167},"t":98,"s":[370,698.369,0],"to":[0,1.014,0],"ti":[0,0.559,0]},{"i":{"x":0.833,"y":0.833},"o":{"x":0.167,"y":0.167},"t":101,"s":[370,692.369,0],"to":[0,-0.875,0],"ti":[0,-0.466,0]},{"t":107,"s":[370,696.439,0]}],"ix":2},"a":{"a":0,"k":[0,0,0],"ix":1},"s":{"a":0,"k":[100,100,100],"ix":6}},"ao":0,"t":{"d":{"k":[{"s":{"s":83,"f":"FjallaOne-Regular","t":"page ","j":0,"tr":0,"lh":99.6,"ls":0,"fc":[0,0,0]},"t":0}]},"p":{},"m":{"g":1,"a":{"a":0,"k":[0,0],"ix":2}},"a":[]},"ip":0,"op":300,"st":0,"bm":0},{"ddd":0,"ind":8,"ty":5,"nm":"not","sr":1,"ks":{"o":{"a":0,"k":100,"ix":11},"r":{"a":0,"k":0,"ix":10},"p":{"a":0,"k":[548,594,0],"ix":2},"a":{"a":0,"k":[0,0,0],"ix":1},"s":{"a":0,"k":[100,100,100],"ix":6}},"ao":0,"t":{"d":{"k":[{"s":{"s":83,"f":"FjallaOne-Regular","t":"not","j":0,"tr":0,"lh":99.6,"ls":0,"fc":[0,0,0]},"t":0}]},"p":{},"m":{"g":1,"a":{"a":0,"k":[0,0],"ix":2}},"a":[]},"ip":0,"op":300,"st":0,"bm":0},{"ddd":0,"ind":9,"ty":5,"nm":"error","sr":1,"ks":{"o":{"a":0,"k":100,"ix":11},"r":{"a":1,"k":[{"i":{"x":[0.833],"y":[0.833]},"o":{"x":[0.167],"y":[0.167]},"t":0,"s":[0]},{"i":{"x":[0.833],"y":[0.833]},"o":{"x":[0.167],"y":[0.167]},"t":62,"s":[0]},{"i":{"x":[0.833],"y":[0.833]},"o":{"x":[0.167],"y":[0.167]},"t":72,"s":[365.114]},{"i":{"x":[0.833],"y":[0.833]},"o":{"x":[0.167],"y":[0.167]},"t":84,"s":[213.226]},{"i":{"x":[0.833],"y":[0.833]},"o":{"x":[0.167],"y":[0.167]},"t":94,"s":[-1.445]},{"i":{"x":[0.833],"y":[0.833]},"o":{"x":[0.167],"y":[0.167]},"t":108,"s":[167.416]},{"i":{"x":[0.833],"y":[0.833]},"o":{"x":[0.167],"y":[0.167]},"t":124,"s":[54.924]},{"i":{"x":[0.833],"y":[0.833]},"o":{"x":[0.167],"y":[0.167]},"t":137,"s":[133.462]},{"t":150,"s":[90]}],"ix":10},"p":{"a":0,"k":[304,174,0],"ix":2},"a":{"a":0,"k":[0,0,0],"ix":1},"s":{"a":0,"k":[100,100,100],"ix":6}},"ao":0,"t":{"d":{"k":[{"s":{"s":46,"f":"FjallaOne-Regular","t":"error","j":0,"tr":0,"lh":55.2,"ls":0,"fc":[0.305,0.011,0.449]},"t":0}]},"p":{},"m":{"g":1,"a":{"a":0,"k":[0,0],"ix":2}},"a":[]},"ip":0,"op":300,"st":0,"bm":0},{"ddd":0,"ind":10,"ty":5,"nm":"0","sr":1,"ks":{"o":{"a":0,"k":100,"ix":11},"r":{"a":1,"k":[{"i":{"x":[0.833],"y":[0.833]},"o":{"x":[0.167],"y":[0.167]},"t":11,"s":[3]},{"i":{"x":[0.833],"y":[0.833]},"o":{"x":[0.167],"y":[0.167]},"t":33,"s":[-6]},{"i":{"x":[0.833],"y":[0.833]},"o":{"x":[0.167],"y":[0.167]},"t":40,"s":[8]},{"t":58,"s":[-8]}],"ix":10},"p":{"a":1,"k":[{"i":{"x":0.833,"y":0.833},"o":{"x":0.167,"y":0.167},"t":0,"s":[571,760,0],"to":[0,0,0],"ti":[0,14.688,0]},{"i":{"x":0.833,"y":0.833},"o":{"x":0.167,"y":0.167},"t":11,"s":[551,738.13,0],"to":[0,-13.14,0],"ti":[0,-34.452,0]},{"i":{"x":0.833,"y":0.833},"o":{"x":0.167,"y":0.167},"t":37,"s":[542,713,0],"to":[0,40.149,0],"ti":[0,-62.184,0]},{"t":59,"s":[542,1352,0]}],"ix":2},"a":{"a":0,"k":[0,23,0],"ix":1},"s":{"a":0,"k":[1001.988,1001.988,100],"ix":6}},"ao":0,"t":{"d":{"k":[{"s":{"s":36,"f":"FjallaOne-Regular","t":"0","j":0,"tr":0,"lh":43.2,"ls":0,"fc":[0.424,0.007,0.629]},"t":0}]},"p":{},"m":{"g":1,"a":{"a":0,"k":[0,0],"ix":2}},"a":[]},"ip":0,"op":151,"st":0,"bm":0},{"ddd":0,"ind":11,"ty":5,"nm":"4","sr":1,"ks":{"o":{"a":0,"k":100,"ix":11},"r":{"a":1,"k":[{"i":{"x":[0.833],"y":[0.833]},"o":{"x":[0.167],"y":[0.167]},"t":0,"s":[0]},{"i":{"x":[0.833],"y":[0.833]},"o":{"x":[0.167],"y":[0.167]},"t":58,"s":[2.826]},{"t":73,"s":[-56.647]}],"ix":10},"p":{"a":1,"k":[{"i":{"x":0.833,"y":0.833},"o":{"x":0.167,"y":0.167},"t":0,"s":[314,808,0],"to":[0.19,0.011,0],"ti":[-0.216,-0.013,0]},{"i":{"x":0.833,"y":0.833},"o":{"x":0.167,"y":0.167},"t":1,"s":[314.609,764.037,0],"to":[9.232,0.554,0],"ti":[0,0,0]},{"i":{"x":0.833,"y":0.833},"o":{"x":0.167,"y":0.167},"t":73,"s":[232.609,689.037,0],"to":[0,0,0],"ti":[0,0,0]},{"t":77,"s":[232.609,646.037,0]}],"ix":2},"a":{"a":1,"k":[{"i":{"x":0.833,"y":0.833},"o":{"x":0.167,"y":0.167},"t":0,"s":[0,23,0],"to":[0,-2.262,0],"ti":[0,5.469,0]},{"i":{"x":0.833,"y":0.833},"o":{"x":0.167,"y":0.167},"t":58,"s":[0,23.822,0],"to":[0,-0.804,0],"ti":[0,0,0]},{"i":{"x":0.833,"y":0.833},"o":{"x":0.167,"y":0.167},"t":73,"s":[0,-17,0],"to":[0,0,0],"ti":[0,0,0]},{"t":77,"s":[0,-16,0]}],"ix":1},"s":{"a":0,"k":[1295.347,1174.638,100],"ix":6}},"ao":0,"t":{"d":{"k":[{"s":{"s":36,"f":"FjallaOne-Regular","t":"4","j":0,"tr":0,"lh":43.2,"ls":0,"fc":[0.545,0.02,0.802]},"t":0}]},"p":{},"m":{"g":1,"a":{"a":0,"k":[0,0],"ix":2}},"a":[]},"ip":0,"op":151,"st":0,"bm":0},{"ddd":0,"ind":12,"ty":5,"nm":"5","sr":1,"ks":{"o":{"a":0,"k":100,"ix":11},"r":{"a":1,"k":[{"i":{"x":[0.833],"y":[0.833]},"o":{"x":[0.167],"y":[0.167]},"t":0,"s":[0]},{"i":{"x":[0.833],"y":[0.833]},"o":{"x":[0.167],"y":[0.167]},"t":73,"s":[0]},{"i":{"x":[0.833],"y":[0.833]},"o":{"x":[0.167],"y":[0.167]},"t":91,"s":[45]},{"t":97,"s":[42]}],"ix":10},"p":{"a":1,"k":[{"i":{"x":0.833,"y":0.833},"o":{"x":0.167,"y":0.167},"t":0,"s":[707,563,0],"to":[0,0,0],"ti":[0,0,0]},{"i":{"x":0.833,"y":0.833},"o":{"x":0.167,"y":0.167},"t":1,"s":[708.774,517.317,0],"to":[0,0,0],"ti":[0,0,0]},{"i":{"x":0.833,"y":0.833},"o":{"x":0.167,"y":0.167},"t":22,"s":[746,526,0],"to":[0,0,0],"ti":[5,0,0]},{"i":{"x":0.833,"y":0.833},"o":{"x":0.167,"y":0.167},"t":39,"s":[710,545,0],"to":[-2.036,0,0],"ti":[4.985,0,0]},{"i":{"x":0.833,"y":0.833},"o":{"x":0.167,"y":0.167},"t":69,"s":[649.455,590,0],"to":[-7.257,0,0],"ti":[0,0.667,0]},{"i":{"x":0.833,"y":0.833},"o":{"x":0.167,"y":0.167},"t":91,"s":[649.455,554,0],"to":[0,-0.667,0],"ti":[0,0,0]},{"t":97,"s":[649.455,538,0]}],"ix":2},"a":{"a":0,"k":[0,-1,0],"ix":1},"s":{"a":0,"k":[1295.347,1174.638,100],"ix":6}},"ao":0,"t":{"d":{"k":[{"s":{"s":36,"f":"FjallaOne-Regular","t":"4","j":0,"tr":0,"lh":43.2,"ls":0,"fc":[0.545,0.02,0.8]},"t":0}]},"p":{},"m":{"g":1,"a":{"a":0,"k":[0,0],"ix":2}},"a":[]},"ip":0,"op":151,"st":0,"bm":0},{"ddd":0,"ind":13,"ty":4,"nm":"Camada de forma 1","sr":1,"ks":{"o":{"a":0,"k":100,"ix":11},"r":{"a":1,"k":[{"i":{"x":[0.833],"y":[0.833]},"o":{"x":[0.167],"y":[0.167]},"t":0,"s":[23]},{"i":{"x":[0.833],"y":[0.833]},"o":{"x":[0.167],"y":[0.167]},"t":10,"s":[-17.556]},{"i":{"x":[0.833],"y":[0.833]},"o":{"x":[0.167],"y":[0.167]},"t":23,"s":[12.297]},{"i":{"x":[0.833],"y":[0.833]},"o":{"x":[0.167],"y":[0.167]},"t":43,"s":[-36.374]},{"i":{"x":[0.833],"y":[0.833]},"o":{"x":[0.167],"y":[0.167]},"t":59,"s":[25.009]},{"i":{"x":[0.833],"y":[0.833]},"o":{"x":[0.167],"y":[0.167]},"t":72,"s":[-22.479]},{"i":{"x":[0.833],"y":[0.833]},"o":{"x":[0.167],"y":[0.167]},"t":90,"s":[0]},{"i":{"x":[0.833],"y":[0.833]},"o":{"x":[0.167],"y":[0.167]},"t":101,"s":[10]},{"i":{"x":[0.833],"y":[0.833]},"o":{"x":[0.167],"y":[0.167]},"t":114,"s":[-8]},{"i":{"x":[0.833],"y":[0.833]},"o":{"x":[0.167],"y":[0.167]},"t":128,"s":[9]},{"t":145,"s":[-4]}],"ix":10},"p":{"a":1,"k":[{"i":{"x":0.833,"y":0.833},"o":{"x":0.167,"y":0.167},"t":0,"s":[600,-168,0],"to":[0,1.981,0],"ti":[0,-2.225,0]},{"i":{"x":0.833,"y":0.833},"o":{"x":0.167,"y":0.167},"t":1,"s":[600,-205.689,0],"to":[0,104.08,0],"ti":[0,-92.686,0]},{"t":90,"s":[600,325,0]}],"ix":2},"a":{"a":0,"k":[0,0,0],"ix":1},"s":{"a":0,"k":[100,100,100],"ix":6}},"ao":0,"shapes":[{"ty":"gr","it":[{"ind":0,"ty":"sh","ix":1,"ks":{"a":0,"k":{"i":[[22.25,7],[-29.289,-9.395],[-28.597,1.486],[2,1],[14,6]],"o":[[-1.669,-0.525],[26.5,8.5],[19.25,-1],[-10.733,-5.367],[-14,-6]],"v":[[-78,151],[-44.25,169.25],[10.75,173.25],[56.25,155.5],[-4.25,160.25]],"c":true},"ix":2},"nm":"Caminho 1","mn":"ADBE Vector Shape - Group","hd":false},{"ty":"st","c":{"a":0,"k":[0,0,0,1],"ix":3},"o":{"a":0,"k":100,"ix":4},"w":{"a":0,"k":0,"ix":5},"lc":1,"lj":1,"ml":4,"bm":0,"nm":"Traçado 1","mn":"ADBE Vector Graphic - Stroke","hd":false},{"ty":"fl","c":{"a":0,"k":[0.431726313572,0,0.641145833333,1],"ix":4},"o":{"a":0,"k":100,"ix":5},"r":1,"bm":0,"nm":"Preenchimento 1","mn":"ADBE Vector Graphic - Fill","hd":false},{"ty":"tr","p":{"a":0,"k":[0,-1.75],"ix":2},"a":{"a":0,"k":[0,0],"ix":1},"s":{"a":0,"k":[100,100],"ix":3},"r":{"a":0,"k":0,"ix":6},"o":{"a":0,"k":100,"ix":7},"sk":{"a":0,"k":0,"ix":4},"sa":{"a":0,"k":0,"ix":5},"nm":"Transformar"}],"nm":"Forma 1","np":3,"cix":2,"bm":0,"ix":1,"mn":"ADBE Vector Group","hd":false}],"ip":0,"op":300,"st":0,"bm":0},{"ddd":0,"ind":14,"ty":4,"nm":"taça teste 1 contornos","sr":1,"ks":{"o":{"a":0,"k":100,"ix":11},"r":{"a":1,"k":[{"i":{"x":[0.833],"y":[0.833]},"o":{"x":[0.167],"y":[0.167]},"t":0,"s":[23]},{"i":{"x":[0.833],"y":[0.833]},"o":{"x":[0.167],"y":[0.167]},"t":10,"s":[-17.556]},{"i":{"x":[0.833],"y":[0.833]},"o":{"x":[0.167],"y":[0.167]},"t":23,"s":[12.297]},{"i":{"x":[0.833],"y":[0.833]},"o":{"x":[0.167],"y":[0.167]},"t":43,"s":[-36.374]},{"i":{"x":[0.833],"y":[0.833]},"o":{"x":[0.167],"y":[0.167]},"t":59,"s":[25.009]},{"i":{"x":[0.833],"y":[0.833]},"o":{"x":[0.167],"y":[0.167]},"t":72,"s":[-22.479]},{"i":{"x":[0.833],"y":[0.833]},"o":{"x":[0.167],"y":[0.167]},"t":90,"s":[0]},{"i":{"x":[0.833],"y":[0.833]},"o":{"x":[0.167],"y":[0.167]},"t":101,"s":[10]},{"i":{"x":[0.833],"y":[0.833]},"o":{"x":[0.167],"y":[0.167]},"t":110,"s":[-8]},{"i":{"x":[0.833],"y":[0.833]},"o":{"x":[0.167],"y":[0.167]},"t":123,"s":[9]},{"t":137,"s":[-4]}],"ix":10},"p":{"a":1,"k":[{"i":{"x":0.833,"y":0.833},"o":{"x":0.167,"y":0.167},"t":0,"s":[600,-168,0],"to":[0,1.981,0],"ti":[0,-2.225,0]},{"i":{"x":0.833,"y":0.833},"o":{"x":0.167,"y":0.167},"t":1,"s":[600,-205.689,0],"to":[0,104.08,0],"ti":[0,-92.686,0]},{"t":90,"s":[600,325,0]}],"ix":2},"a":{"a":0,"k":[400,400,0],"ix":1},"s":{"a":0,"k":[48.461,48.461,100],"ix":6}},"ao":0,"shapes":[{"ty":"gr","it":[{"ind":0,"ty":"sh","ix":1,"ks":{"a":0,"k":{"i":[[15.207,5.785],[6.76,37.55],[-3.099,35.604],[-15.809,79.851],[-13.222,0.395],[-1.295,-1.743],[-0.149,-0.209],[-37.476,-110.761],[14.445,-22.207]],"o":[[-22.803,-8.675],[-6.216,-34.531],[2.866,-32.933],[18.671,-94.31],[4.714,-0.141],[0.001,0],[5.339,7.532],[16.087,47.544],[-8.545,13.137]],"v":[[-9.053,218.94],[-44.909,141.968],[-47.876,41.094],[-25.624,-87.966],[14.072,-224.584],[24.511,-217.438],[24.813,-217.026],[-0.406,107.849],[36.68,207.24]],"c":true},"ix":2},"nm":"Caminho 1","mn":"ADBE Vector Shape - Group","hd":false},{"ty":"st","c":{"a":0,"k":[1,1,1,1],"ix":3},"o":{"a":0,"k":100,"ix":4},"w":{"a":0,"k":0,"ix":5},"lc":1,"lj":1,"ml":10,"bm":0,"nm":"Traçado 1","mn":"ADBE Vector Graphic - Stroke","hd":false},{"ty":"tr","p":{"a":0,"k":[172.906,377.039],"ix":2},"a":{"a":0,"k":[0,0],"ix":1},"s":{"a":0,"k":[100,100],"ix":3},"r":{"a":0,"k":0,"ix":6},"o":{"a":0,"k":100,"ix":7},"sk":{"a":0,"k":0,"ix":4},"sa":{"a":0,"k":0,"ix":5},"nm":"Transformar"}],"nm":"Grupo 1","np":2,"cix":2,"bm":0,"ix":1,"mn":"ADBE Vector Group","hd":false},{"ty":"gr","it":[{"ind":0,"ty":"sh","ix":1,"ks":{"a":0,"k":{"i":[[15.207,5.785],[6.76,37.55],[-3.099,35.604],[-15.809,79.851],[-13.222,0.395],[-1.295,-1.743],[-0.149,-0.209],[-37.476,-110.761],[14.445,-22.207]],"o":[[-22.803,-8.675],[-6.216,-34.531],[2.866,-32.933],[18.671,-94.31],[4.714,-0.141],[0.001,0],[5.339,7.532],[16.087,47.544],[-8.545,13.137]],"v":[[-4.103,220.328],[-39.959,143.356],[-42.926,42.482],[-20.674,-86.578],[19.022,-223.196],[29.461,-216.05],[29.763,-215.638],[4.544,109.237],[41.63,208.628]],"c":true},"ix":2},"nm":"Caminho 1","mn":"ADBE Vector Shape - Group","hd":false},{"ty":"fl","c":{"a":0,"k":[0.735294103622,0.72961717844,0.72961717844,1],"ix":4},"o":{"a":0,"k":72,"ix":5},"r":1,"bm":0,"nm":"Preenchimento 1","mn":"ADBE Vector Graphic - Fill","hd":false},{"ty":"tr","p":{"a":0,"k":[167.956,375.651],"ix":2},"a":{"a":0,"k":[0,0],"ix":1},"s":{"a":0,"k":[100,100],"ix":3},"r":{"a":0,"k":0,"ix":6},"o":{"a":0,"k":100,"ix":7},"sk":{"a":0,"k":0,"ix":4},"sa":{"a":0,"k":0,"ix":5},"nm":"Transformar"}],"nm":"Grupo 2","np":2,"cix":2,"bm":0,"ix":2,"mn":"ADBE Vector Group","hd":false},{"ty":"gr","it":[{"ind":0,"ty":"sh","ix":1,"ks":{"a":0,"k":{"i":[[0,-19.731],[118.967,0],[0,19.731],[-118.967,0]],"o":[[0,19.731],[-118.967,0],[0,-19.731],[118.967,0]],"v":[[215.409,0],[0,35.727],[-215.409,0],[0,-35.727]],"c":true},"ix":2},"nm":"Caminho 1","mn":"ADBE Vector Shape - Group","hd":false},{"ty":"st","c":{"a":0,"k":[0.569000004787,0.569000004787,0.569000004787,1],"ix":3},"o":{"a":0,"k":100,"ix":4},"w":{"a":0,"k":6,"ix":5},"lc":1,"lj":1,"ml":10,"bm":0,"nm":"Traçado 1","mn":"ADBE Vector Graphic - Stroke","hd":false},{"ty":"tr","p":{"a":0,"k":[383.366,76.726],"ix":2},"a":{"a":0,"k":[0,0],"ix":1},"s":{"a":0,"k":[100,100],"ix":3},"r":{"a":0,"k":0,"ix":6},"o":{"a":0,"k":100,"ix":7},"sk":{"a":0,"k":0,"ix":4},"sa":{"a":0,"k":0,"ix":5},"nm":"Transformar"}],"nm":"Grupo 3","np":2,"cix":2,"bm":0,"ix":3,"mn":"ADBE Vector Group","hd":false},{"ty":"gr","it":[{"ind":0,"ty":"sh","ix":1,"ks":{"a":0,"k":{"i":[[44.993,181.043],[118.967,0],[0,19.731],[2.116,-32.987],[-0.48,-6.899],[-0.321,-4.424],[-0.165,-1.786],[-0.044,-0.491],[-143.964,0],[-15.562,138.458],[-0.172,8.69],[-0.143,32.753]],"o":[[0,19.731],[-118.967,0],[-39.353,177.955],[-1.236,19.284],[0.023,0.333],[0.131,1.796],[0.048,0.551],[13.755,140.349],[142.615,0],[0.953,-8.475],[0,-0.001],[0.147,-34.077]],"v":[[214.917,-345.706],[-0.492,-309.979],[-215.901,-345.706],[-277.807,-2.59],[-278.017,78.809],[-277.265,88.754],[-276.81,94.124],[-276.671,95.688],[-0.612,345.706],[275.023,99.62],[276.723,73.866],[278.895,5.253]],"c":true},"ix":2},"nm":"Caminho 1","mn":"ADBE Vector Shape - Group","hd":false},{"ty":"st","c":{"a":0,"k":[0.569000004787,0.569000004787,0.569000004787,1],"ix":3},"o":{"a":0,"k":100,"ix":4},"w":{"a":0,"k":6,"ix":5},"lc":2,"lj":2,"bm":0,"nm":"Traçado 1","mn":"ADBE Vector Graphic - Stroke","hd":false},{"ty":"tr","p":{"a":0,"k":[383.198,422.432],"ix":2},"a":{"a":0,"k":[0,0],"ix":1},"s":{"a":0,"k":[100,100],"ix":3},"r":{"a":0,"k":0,"ix":6},"o":{"a":0,"k":100,"ix":7},"sk":{"a":0,"k":0,"ix":4},"sa":{"a":0,"k":0,"ix":5},"nm":"Transformar"}],"nm":"Grupo 4","np":2,"cix":2,"bm":0,"ix":4,"mn":"ADBE Vector Group","hd":false}],"ip":0,"op":300,"st":0,"bm":0},{"ddd":0,"ind":17,"ty":4,"nm":"fundo contornos","sr":1,"ks":{"o":{"a":0,"k":100,"ix":11},"r":{"a":0,"k":0,"ix":10},"p":{"a":0,"k":[600,320,0],"ix":2},"a":{"a":0,"k":[640,400,0],"ix":1},"s":{"a":0,"k":[100,100,100],"ix":6}},"ao":0,"shapes":[{"ty":"gr","it":[{"ind":0,"ty":"sh","ix":1,"ks":{"a":0,"k":{"i":[[5.05,3.758],[0,0],[-0.196,-6.031],[-16.443,-2.329],[-37.95,-7.396],[-30.101,-6.149],[-39.078,5.365],[-55.283,-2.169],[-82.899,-10.789],[-34.476,-9.956],[-16.176,13.964],[-10.841,10.553],[-58.529,5.489],[-1.849,10.033]],"o":[[0,0],[-11.518,3.588],[0.273,8.434],[47.793,6.77],[29.81,5.81],[35.293,7.21],[44.109,-6.056],[91.908,3.605],[14.766,1.922],[52.481,15.156],[10.634,-9.18],[16.603,-16.16],[12.788,-1.199],[0.916,-4.97]],"v":[[450.392,-37.982],[-435.86,-37.982],[-460.86,-22.982],[-416.86,-5.982],[-317.86,-9.982],[-261.86,14.018],[-168.86,2.018],[-65.86,12.018],[124.14,-10.982],[203.14,6.018],[302.14,24.018],[315.14,-6.982],[418.14,-9.982],[460.14,-23.982]],"c":true},"ix":2},"nm":"Caminho 1","mn":"ADBE Vector Shape - Group","hd":false},{"ty":"fl","c":{"a":0,"k":[0.757000014361,0.757000014361,0.757000014361,1],"ix":4},"o":{"a":0,"k":100,"ix":5},"r":1,"bm":0,"nm":"Preenchimento 1","mn":"ADBE Vector Graphic - Fill","hd":false},{"ty":"tr","p":{"a":0,"k":[648.86,514.982],"ix":2},"a":{"a":0,"k":[0,0],"ix":1},"s":{"a":0,"k":[100,100],"ix":3},"r":{"a":0,"k":0,"ix":6},"o":{"a":0,"k":100,"ix":7},"sk":{"a":0,"k":0,"ix":4},"sa":{"a":0,"k":0,"ix":5},"nm":"Transformar"}],"nm":"Grupo 1","np":2,"cix":2,"bm":0,"ix":1,"mn":"ADBE Vector Group","hd":false},{"ty":"gr","it":[{"ind":0,"ty":"sh","ix":1,"ks":{"a":0,"k":{"i":[[7.014,7.452],[0,0],[0.596,-6.985],[-11.565,-28.437],[-12.669,-21.46],[-34.158,-8.355],[-68.274,0.786],[-97.228,1.391],[-97.204,-4.021],[-40.571,8.675],[-0.258,13.758],[-7.599,17.388],[-9.644,21.539]],"o":[[0,0],[-36.862,11.707],[-1.819,21.305],[7.941,19.525],[1.743,2.953],[42.061,10.287],[111.552,-1.284],[105.473,-1.509],[78.845,3.261],[35.479,-7.585],[0.439,-23.409],[8.977,-20.539],[5.803,-12.958]],"v":[[459.469,-89.486],[-426.967,-89.486],[-472.573,-60.793],[-395.456,-5.269],[-402.919,42.057],[-355.654,72.614],[-209.711,62.552],[13.349,85.656],[233.92,57.335],[384.009,80.811],[428.787,31.995],[412.202,-11.976],[468.589,-57.439]],"c":true},"ix":2},"nm":"Caminho 1","mn":"ADBE Vector Shape - Group","hd":false},{"ty":"fl","c":{"a":0,"k":[0.827000038297,0.827000038297,0.827000038297,1],"ix":4},"o":{"a":0,"k":100,"ix":5},"r":1,"bm":0,"nm":"Preenchimento 1","mn":"ADBE Vector Graphic - Fill","hd":false},{"ty":"tr","p":{"a":0,"k":[639.783,566.486],"ix":2},"a":{"a":0,"k":[0,0],"ix":1},"s":{"a":0,"k":[100,100],"ix":3},"r":{"a":0,"k":0,"ix":6},"o":{"a":0,"k":100,"ix":7},"sk":{"a":0,"k":0,"ix":4},"sa":{"a":0,"k":0,"ix":5},"nm":"Transformar"}],"nm":"Grupo 2","np":2,"cix":2,"bm":0,"ix":2,"mn":"ADBE Vector Group","hd":false},{"ty":"gr","it":[{"ind":0,"ty":"sh","ix":1,"ks":{"a":0,"k":{"i":[[7.014,-16.583],[0,0],[0.596,15.544],[-11.565,63.279],[-12.67,47.753],[-34.158,18.59],[-68.274,-1.749],[-97.228,-3.096],[-97.204,8.947],[-40.571,-19.303],[-0.257,-30.615],[-7.599,-38.693],[-9.644,-47.929]],"o":[[0,0],[-36.862,-26.051],[-1.818,-47.408],[7.94,-43.448],[1.743,-6.573],[42.061,-22.892],[111.552,2.857],[105.472,3.358],[78.845,-7.258],[35.479,16.88],[0.44,52.092],[8.976,45.703],[5.803,28.836]],"v":[[459.469,199.128],[-426.967,199.128],[-472.575,135.278],[-395.456,11.724],[-402.919,-93.586],[-355.654,-161.582],[-209.711,-139.193],[13.349,-190.605],[233.92,-127.584],[384.009,-179.825],[428.786,-71.198],[412.202,26.65],[468.589,127.815]],"c":true},"ix":2},"nm":"Caminho 1","mn":"ADBE Vector Shape - Group","hd":false},{"ty":"fl","c":{"a":0,"k":[0.917999985639,0.917999985639,0.917999985639,1],"ix":4},"o":{"a":0,"k":100,"ix":5},"r":1,"bm":0,"nm":"Preenchimento 1","mn":"ADBE Vector Graphic - Fill","hd":false},{"ty":"tr","p":{"a":0,"k":[639.696,277.872],"ix":2},"a":{"a":0,"k":[0,0],"ix":1},"s":{"a":0,"k":[100,100],"ix":3},"r":{"a":0,"k":0,"ix":6},"o":{"a":0,"k":100,"ix":7},"sk":{"a":0,"k":0,"ix":4},"sa":{"a":0,"k":0,"ix":5},"nm":"Transformar"}],"nm":"Grupo 3","np":2,"cix":2,"bm":0,"ix":3,"mn":"ADBE Vector Group","hd":false}],"ip":0,"op":300,"st":0,"bm":0}],"markers":[],"chars":[{"ch":"4","size":36,"style":"Regular","w":53.71,"data":{"shapes":[{"ty":"gr","it":[{"ind":0,"ty":"sh","ix":1,"ks":{"a":0,"k":{"i":[[0,0],[0,0],[0,0],[0,0],[0,0],[0,0],[0,0],[0,0],[0,0],[0,0],[0,0]],"o":[[0,0],[0,0],[0,0],[0,0],[0,0],[0,0],[0,0],[0,0],[0,0],[0,0],[0,0]],"v":[[3.955,-14.941],[31.592,-14.941],[31.592,0],[43.359,0],[43.359,-14.941],[51.074,-14.941],[51.074,-24.854],[43.359,-24.854],[43.359,-83.398],[28.271,-83.398],[3.955,-21.582]],"c":true},"ix":2},"nm":"4","mn":"ADBE Vector Shape - Group","hd":false},{"ind":1,"ty":"sh","ix":2,"ks":{"a":0,"k":{"i":[[0,0],[0,0],[0,0],[0,0],[0,0]],"o":[[0,0],[0,0],[0,0],[0,0],[0,0]],"v":[[16.846,-24.854],[31.299,-68.604],[32.764,-68.604],[31.592,-37.158],[31.592,-24.854]],"c":true},"ix":2},"nm":"4","mn":"ADBE Vector Shape - Group","hd":false}],"nm":"4","np":5,"cix":2,"bm":0,"ix":1,"mn":"ADBE Vector Group","hd":false}]},"fFamily":"Fjalla One"},{"ch":"0","size":36,"style":"Regular","w":51.12,"data":{"shapes":[{"ty":"gr","it":[{"ind":0,"ty":"sh","ix":1,"ks":{"a":0,"k":{"i":[[0,0],[-0.652,-2.669],[-1.074,-1.855],[-1.416,-1.139],[-1.53,-0.635],[-1.53,-0.228],[-1.302,0],[-1.482,0.227],[-1.498,0.635],[-1.433,1.156],[-1.107,1.855],[-0.668,2.654],[0,3.646],[0,0],[0.667,2.67],[1.09,1.823],[1.416,1.091],[1.514,0.57],[1.481,0.179],[1.204,0],[1.514,-0.195],[1.514,-0.602],[1.432,-1.106],[1.09,-1.807],[0.667,-2.653],[0,-3.645]],"o":[[0,3.646],[0.651,2.67],[1.074,1.855],[1.416,1.14],[1.53,0.635],[1.53,0.227],[1.172,0],[1.481,-0.228],[1.497,-0.635],[1.432,-1.155],[1.106,-1.855],[0.667,-2.653],[0,0],[0,-3.711],[-0.668,-2.669],[-1.091,-1.823],[-1.416,-1.09],[-1.514,-0.569],[-1.482,-0.179],[-1.27,0],[-1.514,0.195],[-1.514,0.603],[-1.433,1.107],[-1.091,1.807],[-0.668,2.654],[0,0]],"v":[[5.127,-24.316],[6.104,-14.844],[8.691,-8.057],[12.427,-3.564],[16.846,-0.903],[21.436,0.391],[25.684,0.732],[29.663,0.391],[34.131,-0.903],[38.525,-3.589],[42.334,-8.105],[44.995,-14.868],[45.996,-24.316],[45.996,-59.57],[44.995,-69.141],[42.358,-75.879],[38.599,-80.249],[34.204,-82.739],[29.712,-83.862],[25.684,-84.131],[21.509,-83.838],[16.968,-82.642],[12.549,-80.078],[8.765,-75.708],[6.128,-69.019],[5.127,-59.57]],"c":true},"ix":2},"nm":"0","mn":"ADBE Vector Shape - Group","hd":false},{"ind":1,"ty":"sh","ix":2,"ks":{"a":0,"k":{"i":[[0,0],[-1.254,1.66],[-2.572,0],[-1.237,-1.66],[0,-3.645],[0,0],[1.237,-1.562],[2.506,0],[1.253,1.562],[0,3.451]],"o":[[0,-3.645],[1.253,-1.66],[2.506,0],[1.237,1.66],[0,0],[0,3.451],[-1.237,1.562],[-2.572,0],[-1.254,-1.562],[0,0]],"v":[[18.066,-64.16],[19.946,-72.119],[25.684,-74.609],[31.299,-72.119],[33.154,-64.16],[33.154,-18.994],[31.299,-11.475],[25.684,-9.131],[19.946,-11.475],[18.066,-18.994]],"c":true},"ix":2},"nm":"0","mn":"ADBE Vector Shape - Group","hd":false}],"nm":"0","np":5,"cix":2,"bm":0,"ix":1,"mn":"ADBE Vector Group","hd":false}]},"fFamily":"Fjalla One"},{"ch":"e","size":46,"style":"Regular","w":45.02,"data":{"shapes":[{"ty":"gr","it":[{"ind":0,"ty":"sh","ix":1,"ks":{"a":0,"k":{"i":[[-3.044,2.914],[0,6.38],[0,0],[0,0],[0,0],[0.325,-1.188],[0.537,-0.716],[0.716,-0.309],[0.748,0],[0.928,0.537],[0.537,1.221],[0.227,2.002],[0,2.93],[0,0],[0,0],[-0.212,1.27],[-0.13,1.351],[-0.082,1.4],[0,1.367],[0.928,2.702],[1.562,1.611],[2.051,0.668],[2.213,0],[1.416,-0.179],[1.432,-0.635],[1.35,-1.204],[1.025,-2.067],[0.635,-3.043],[0,-4.264],[0,0],[-0.781,-3.564],[-1.53,-2.278],[-2.23,-1.074],[-2.898,0]],"o":[[3.043,-2.913],[0,0],[0,0],[0,0],[0,1.758],[-0.326,1.189],[-0.537,0.716],[-0.716,0.31],[-1.4,0],[-0.928,-0.537],[-0.537,-1.221],[-0.228,-2.002],[0,0],[0,0],[0.227,-1.074],[0.211,-1.27],[0.13,-1.35],[0.081,-1.399],[0,-4.036],[-0.928,-2.702],[-1.562,-1.611],[-2.051,-0.667],[-1.205,0],[-1.416,0.179],[-1.433,0.635],[-1.351,1.205],[-1.025,2.068],[-0.635,3.044],[0,0],[0,5.013],[0.781,3.564],[1.53,2.279],[2.229,1.074],[5.762,0]],"v":[[35.767,-3.638],[40.332,-17.578],[40.332,-20.166],[30.029,-20.166],[30.029,-18.066],[29.541,-13.647],[28.247,-10.791],[26.367,-9.253],[24.17,-8.789],[20.679,-9.595],[18.481,-12.231],[17.334,-17.065],[16.992,-24.463],[16.992,-31.299],[39.307,-31.299],[39.966,-34.814],[40.479,-38.745],[40.796,-42.871],[40.918,-47.021],[39.526,-57.129],[35.791,-63.599],[30.371,-67.017],[23.975,-68.018],[20.044,-67.749],[15.771,-66.528],[11.597,-63.77],[8.032,-58.862],[5.542,-51.196],[4.59,-40.234],[4.59,-27.539],[5.762,-14.673],[9.229,-5.908],[14.868,-0.879],[22.559,0.732]],"c":true},"ix":2},"nm":"e","mn":"ADBE Vector Shape - Group","hd":false},{"ind":1,"ty":"sh","ix":2,"ks":{"a":0,"k":{"i":[[0,0],[0,0],[-0.261,1.953],[-0.521,1.189],[-0.814,0.505],[-1.074,0],[-1.042,-1.953],[0,-4.427],[0,-0.635],[0.016,-0.651],[0.032,-0.602],[0.032,-0.358]],"o":[[0,0],[0,-2.897],[0.26,-1.953],[0.52,-1.188],[0.813,-0.504],[2.051,0],[1.041,1.953],[0,0.456],[0,0.635],[-0.017,0.652],[-0.033,0.603],[0,0]],"v":[[16.992,-39.6],[16.992,-43.701],[17.383,-50.977],[18.555,-55.688],[20.557,-58.228],[23.389,-58.984],[28.027,-56.055],[29.59,-46.484],[29.59,-44.849],[29.565,-42.92],[29.492,-41.04],[29.395,-39.6]],"c":true},"ix":2},"nm":"e","mn":"ADBE Vector Shape - Group","hd":false}],"nm":"e","np":5,"cix":2,"bm":0,"ix":1,"mn":"ADBE Vector Group","hd":false}]},"fFamily":"Fjalla One"},{"ch":"r","size":46,"style":"Regular","w":38.48,"data":{"shapes":[{"ty":"gr","it":[{"ind":0,"ty":"sh","ix":1,"ks":{"a":0,"k":{"i":[[0,0],[0,0],[0,0],[-0.83,0.635],[-0.977,0],[-0.391,-0.211],[-0.293,-0.537],[-0.179,-0.879],[0,-1.367],[0,0],[0,0],[-0.212,0.83],[-0.146,0.83],[-0.082,0.765],[0,0.554],[1.692,2.181],[3.548,0],[1.774,-1.27],[1.367,-2.539],[0,0],[0,0]],"o":[[0,0],[0,0],[0.553,-1.139],[0.83,-0.635],[0.455,0],[0.391,0.212],[0.293,0.537],[0.179,0.879],[0,0],[0,0],[0.227,-0.684],[0.211,-0.83],[0.146,-0.83],[0.081,-0.764],[0,-4.362],[-1.693,-2.18],[-1.855,0],[-1.775,1.27],[0,0],[0,0],[0,0]],"v":[[6.348,0],[18.701,0],[18.701,-55.371],[20.776,-58.032],[23.486,-58.984],[24.756,-58.667],[25.781,-57.544],[26.489,-55.42],[26.758,-52.051],[26.758,-45.801],[35.352,-45.801],[36.011,-48.071],[36.548,-50.562],[36.89,-52.954],[37.012,-54.932],[34.473,-64.746],[26.611,-68.018],[21.167,-66.113],[16.455,-60.4],[15.381,-67.236],[6.348,-67.236]],"c":true},"ix":2},"nm":"r","mn":"ADBE Vector Shape - Group","hd":false}],"nm":"r","np":3,"cix":2,"bm":0,"ix":1,"mn":"ADBE Vector Group","hd":false}]},"fFamily":"Fjalla One"},{"ch":"o","size":46,"style":"Regular","w":46.39,"data":{"shapes":[{"ty":"gr","it":[{"ind":0,"ty":"sh","ix":1,"ks":{"a":0,"k":{"i":[[-1.416,0.244],[-1.367,0.749],[-1.237,1.351],[-0.945,2.181],[-0.554,3.158],[0,4.362],[0,0],[0.537,3.142],[0.928,2.116],[1.221,1.254],[1.367,0.635],[1.432,0.195],[1.334,0],[1.465,-0.211],[1.383,-0.667],[1.237,-1.253],[0.928,-2.116],[0.537,-3.108],[0,-4.362],[0,0],[-0.521,-3.19],[-0.912,-2.18],[-1.221,-1.334],[-1.384,-0.716],[-1.482,-0.228],[-1.433,0]],"o":[[1.416,-0.244],[1.367,-0.748],[1.237,-1.35],[0.944,-2.18],[0.553,-3.157],[0,0],[0,-4.395],[-0.537,-3.141],[-0.928,-2.116],[-1.221,-1.253],[-1.367,-0.635],[-1.433,-0.195],[-1.4,0],[-1.465,0.212],[-1.384,0.668],[-1.237,1.254],[-0.928,2.116],[-0.537,3.109],[0,0],[0,4.427],[0.52,3.191],[0.911,2.181],[1.221,1.335],[1.383,0.716],[1.481,0.227],[1.302,0]],"v":[[27.368,0.366],[31.543,-1.123],[35.449,-4.272],[38.721,-9.57],[40.967,-17.578],[41.797,-28.857],[41.797,-39.404],[40.991,-50.708],[38.794,-58.594],[35.571,-63.647],[31.689,-66.479],[27.49,-67.725],[23.34,-68.018],[19.043,-67.7],[14.771,-66.382],[10.84,-63.501],[7.593,-58.447],[5.396,-50.61],[4.59,-39.404],[4.59,-28.857],[5.371,-17.432],[7.52,-9.375],[10.718,-4.102],[14.624,-1.025],[18.921,0.391],[23.291,0.732]],"c":true},"ix":2},"nm":"o","mn":"ADBE Vector Shape - Group","hd":false},{"ind":1,"ty":"sh","ix":2,"ks":{"a":0,"k":{"i":[[0.797,0.57],[0.52,1.302],[0.227,2.132],[0,3.158],[0,0],[-0.228,2.148],[-0.521,1.318],[-0.798,0.586],[-1.172,0],[-0.765,-0.586],[-0.472,-1.318],[-0.212,-2.148],[0,-3.157],[0,0],[0.211,-2.132],[0.471,-1.302],[0.764,-0.569],[1.106,0]],"o":[[-0.798,-0.569],[-0.521,-1.302],[-0.228,-2.132],[0,0],[0,-3.157],[0.227,-2.148],[0.52,-1.318],[0.797,-0.586],[1.106,0],[0.764,0.586],[0.471,1.318],[0.211,2.148],[0,0],[0,3.158],[-0.212,2.132],[-0.472,1.302],[-0.765,0.57],[-1.172,0]],"v":[[20.435,-9.644],[18.457,-12.451],[17.334,-17.603],[16.992,-25.537],[16.992,-42.09],[17.334,-50.049],[18.457,-55.249],[20.435,-58.105],[23.389,-58.984],[26.196,-58.105],[28.052,-55.249],[29.077,-50.049],[29.395,-42.09],[29.395,-25.537],[29.077,-17.603],[28.052,-12.451],[26.196,-9.644],[23.389,-8.789]],"c":true},"ix":2},"nm":"o","mn":"ADBE Vector Shape - Group","hd":false}],"nm":"o","np":5,"cix":2,"bm":0,"ix":1,"mn":"ADBE Vector Group","hd":false}]},"fFamily":"Fjalla One"},{"ch":"n","size":83,"style":"Regular","w":49.8,"data":{"shapes":[{"ty":"gr","it":[{"ind":0,"ty":"sh","ix":1,"ks":{"a":0,"k":{"i":[[0,0],[0,0],[0,0],[-1.221,0.814],[-1.237,0],[-0.912,-1.155],[0,-2.962],[0,0],[0,0],[0,0],[2.132,2.751],[3.938,0],[1.253,-0.26],[1.204,-0.618],[1.123,-1.025],[0.977,-1.53],[0,0],[0,0],[0,0]],"o":[[0,0],[0,0],[0.944,-1.432],[1.221,-0.813],[1.758,0],[0.911,1.156],[0,0],[0,0],[0,0],[0,-5.501],[-2.132,-2.75],[-1.237,0],[-1.254,0.261],[-1.205,0.619],[-1.123,1.025],[0,0],[0,0],[0,0],[0,0]],"v":[[6.348,0],[18.701,0],[18.701,-54.395],[21.948,-57.764],[25.635,-58.984],[29.639,-57.251],[31.006,-51.074],[31.006,0],[43.359,0],[43.359,-51.514],[40.161,-63.892],[31.055,-68.018],[27.319,-67.627],[23.633,-66.309],[20.142,-63.843],[16.992,-60.01],[16.992,-60.059],[15.869,-67.236],[6.348,-67.236]],"c":true},"ix":2},"nm":"n","mn":"ADBE Vector Shape - Group","hd":false}],"nm":"n","np":3,"cix":2,"bm":0,"ix":1,"mn":"ADBE Vector Group","hd":false}]},"fFamily":"Fjalla One"},{"ch":"t","size":83,"style":"Regular","w":32.96,"data":{"shapes":[{"ty":"gr","it":[{"ind":0,"ty":"sh","ix":1,"ks":{"a":0,"k":{"i":[[0,0],[-0.732,-2.278],[-1.237,-1.286],[-1.595,-0.455],[-1.726,0],[-0.912,0.13],[-0.879,0.342],[-0.83,0.554],[-0.716,0.879],[0,0],[0.928,-0.293],[1.204,0],[0.651,0.163],[0.488,0.505],[0.276,0.896],[0,1.465],[0,0],[0,0],[0,0],[0,0],[0,0],[0,0],[0,0],[0,0],[0,0],[0,0]],"o":[[0,3.646],[0.732,2.279],[1.237,1.286],[1.595,0.455],[0.879,0],[0.911,-0.13],[0.879,-0.342],[0.83,-0.553],[0,0],[-0.847,0.521],[-0.928,0.293],[-0.716,0],[-0.652,-0.163],[-0.488,-0.504],[-0.277,-0.895],[0,0],[0,0],[0,0],[0,0],[0,0],[0,0],[0,0],[0,0],[0,0],[0,0],[0,0]],"v":[[7.764,-16.748],[8.862,-7.861],[11.816,-2.515],[16.064,0.098],[21.045,0.781],[23.73,0.586],[26.416,-0.122],[28.979,-1.465],[31.299,-3.613],[31.299,-10.449],[28.638,-9.229],[25.439,-8.789],[23.389,-9.033],[21.68,-10.034],[20.532,-12.134],[20.117,-15.674],[20.117,-58.447],[30.859,-58.447],[30.859,-67.236],[20.117,-67.236],[20.117,-84.668],[11.328,-84.668],[8.838,-67.236],[2.539,-67.236],[2.539,-58.447],[7.764,-58.447]],"c":true},"ix":2},"nm":"t","mn":"ADBE Vector Shape - Group","hd":false}],"nm":"t","np":3,"cix":2,"bm":0,"ix":1,"mn":"ADBE Vector Group","hd":false}]},"fFamily":"Fjalla One"},{"ch":"p","size":83,"style":"Regular","w":48.34,"data":{"shapes":[{"ty":"gr","it":[{"ind":0,"ty":"sh","ix":1,"ks":{"a":0,"k":{"i":[[0,0],[-1.742,-1.009],[-2.605,0],[-1.009,0.146],[-1.074,0.52],[-1.042,1.042],[-0.814,1.791],[-0.505,2.67],[0,3.809],[0,0],[0.504,2.67],[0.797,1.791],[1.025,1.025],[1.025,0.521],[0.96,0.13],[0.684,0],[1.286,-0.471],[1.025,-0.732],[0.764,-0.944],[0.553,-0.911],[0,0],[0,0],[0,0],[0,0],[0,0]],"o":[[1.106,1.433],[1.741,1.009],[0.748,0],[1.009,-0.146],[1.074,-0.52],[1.041,-1.041],[0.813,-1.79],[0.504,-2.669],[0,0],[0,-3.809],[-0.505,-2.669],[-0.798,-1.79],[-1.025,-1.025],[-1.025,-0.52],[-0.961,-0.13],[-1.595,0],[-1.286,0.472],[-1.025,0.732],[-0.765,0.945],[0,0],[0,0],[0,0],[0,0],[0,0],[0,0]],"v":[[18.311,-4.443],[22.583,-0.781],[29.102,0.732],[31.738,0.513],[34.863,-0.488],[38.037,-2.832],[40.82,-7.08],[42.798,-13.77],[43.555,-23.486],[43.555,-43.848],[42.798,-53.564],[40.845,-60.254],[38.11,-64.478],[35.034,-66.797],[32.056,-67.773],[29.59,-67.969],[25.269,-67.261],[21.802,-65.454],[19.116,-62.939],[17.139,-60.156],[16.016,-67.236],[6.348,-67.236],[6.348,21.729],[18.701,21.729],[18.701,3.809]],"c":true},"ix":2},"nm":"p","mn":"ADBE Vector Shape - Group","hd":false},{"ind":1,"ty":"sh","ix":2,"ks":{"a":0,"k":{"i":[[0,0],[-0.993,0.928],[-1.562,0],[-0.749,-0.325],[-0.537,-0.911],[-0.31,-1.579],[0,-2.506],[0,0],[0.309,-1.595],[0.553,-0.895],[0.748,-0.342],[0.911,0],[0.635,0.277],[0.504,0.456],[0.374,0.586],[0.26,0.652]],"o":[[0.618,-1.237],[0.993,-0.928],[0.911,0],[0.748,0.326],[0.537,0.912],[0.309,1.579],[0,0],[0,2.507],[-0.31,1.595],[-0.554,0.896],[-0.749,0.342],[-0.847,0],[-0.635,-0.276],[-0.505,-0.455],[-0.375,-0.586],[0,0]],"v":[[18.701,-54.346],[21.118,-57.593],[24.951,-58.984],[27.441,-58.496],[29.37,-56.641],[30.64,-52.905],[31.104,-46.777],[31.104,-21.045],[30.64,-14.893],[29.346,-11.157],[27.393,-9.302],[24.902,-8.789],[22.681,-9.204],[20.972,-10.303],[19.653,-11.865],[18.701,-13.721]],"c":true},"ix":2},"nm":"p","mn":"ADBE Vector Shape - Group","hd":false}],"nm":"p","np":5,"cix":2,"bm":0,"ix":1,"mn":"ADBE Vector Group","hd":false}]},"fFamily":"Fjalla One"},{"ch":"a","size":83,"style":"Regular","w":45.12,"data":{"shapes":[{"ty":"gr","it":[{"ind":0,"ty":"sh","ix":1,"ks":{"a":0,"k":{"i":[[-2.23,1.204],[-1.335,1.921],[0,0],[0,0],[0,0],[0.537,2.214],[1.318,1.465],[2.213,0.732],[3.352,0],[2.148,-0.667],[1.546,-1.302],[0.862,-1.92],[0,-2.506],[-0.146,-1.057],[-0.293,-1.27],[0,0],[0,0],[-0.375,1.302],[-0.635,0.781],[-0.83,0.326],[-0.879,0],[-0.749,-0.471],[-0.375,-0.83],[-0.098,-1.123],[0,-1.302],[0,0],[1.546,-0.635],[1.237,-0.618],[1.953,-1.416],[1.318,-1.725],[0.684,-2.148],[0,-2.766],[-0.57,-1.969],[-1.107,-1.432],[-1.611,-0.83],[-2.084,0]],"o":[[2.229,-1.204],[0,0],[0,0],[0,0],[0,-2.962],[-0.537,-2.213],[-1.318,-1.465],[-2.214,-0.732],[-2.572,0],[-2.148,0.668],[-1.546,1.302],[-0.863,1.921],[0,1.042],[0.146,1.058],[0,0],[0,0],[0,-1.92],[0.374,-1.302],[0.635,-0.781],[0.83,-0.325],[1.302,0],[0.748,0.472],[0.374,0.83],[0.098,1.123],[0,0],[-1.205,0.456],[-1.546,0.635],[-2.572,1.27],[-1.953,1.416],[-1.318,1.726],[-0.684,2.148],[0,2.312],[0.569,1.97],[1.106,1.433],[1.611,0.83],[2.864,0]],"v":[[23.267,-1.074],[28.613,-5.762],[29.492,0],[38.672,0],[38.672,-50.342],[37.866,-58.105],[35.083,-63.623],[29.785,-66.919],[21.436,-68.018],[14.355,-67.017],[8.813,-64.062],[5.2,-59.229],[3.906,-52.588],[4.126,-49.438],[4.785,-45.947],[14.209,-45.947],[14.209,-48.877],[14.771,-53.711],[16.284,-56.836],[18.481,-58.496],[21.045,-58.984],[24.121,-58.276],[25.806,-56.323],[26.514,-53.394],[26.66,-49.756],[26.66,-40.869],[22.534,-39.233],[18.359,-37.354],[11.572,-33.325],[6.665,-28.613],[3.662,-22.803],[2.637,-15.43],[3.491,-9.009],[6.006,-3.906],[10.083,-0.513],[15.625,0.732]],"c":true},"ix":2},"nm":"a","mn":"ADBE Vector Shape - Group","hd":false},{"ind":1,"ty":"sh","ix":2,"ks":{"a":0,"k":{"i":[[1.009,1.562],[0,2.572],[-0.407,1.351],[-0.668,1.074],[-0.847,0.781],[-0.879,0.554],[-0.814,0.359],[-0.652,0.261],[0,0],[0.993,-0.537],[1.041,0]],"o":[[-1.009,-1.562],[0,-1.66],[0.407,-1.35],[0.667,-1.074],[0.846,-0.781],[0.944,-0.586],[0.813,-0.358],[0,0],[-0.684,0.781],[-0.993,0.537],[-2.214,0]],"v":[[16.26,-11.133],[14.746,-17.334],[15.356,-21.851],[16.968,-25.488],[19.238,-28.271],[21.826,-30.273],[24.463,-31.689],[26.66,-32.617],[26.66,-11.572],[24.146,-9.595],[21.094,-8.789]],"c":true},"ix":2},"nm":"a","mn":"ADBE Vector Shape - Group","hd":false}],"nm":"a","np":5,"cix":2,"bm":0,"ix":1,"mn":"ADBE Vector Group","hd":false}]},"fFamily":"Fjalla One"},{"ch":"g","size":83,"style":"Regular","w":48.49,"data":{"shapes":[{"ty":"gr","it":[{"ind":0,"ty":"sh","ix":1,"ks":{"a":0,"k":{"i":[[0,0],[0.098,-0.684],[0,-0.456],[-0.847,-1.709],[-1.465,-0.993],[-1.953,-0.391],[-2.214,0],[-2.361,1.139],[-1.53,2.132],[-0.716,3.011],[0,3.743],[0,0],[0,0],[0,0],[0.651,0.879],[0.928,0.7],[1.253,0.423],[1.627,0],[1.041,-0.13],[1.09,-0.504],[1.057,-0.977],[0.813,-1.725],[0.504,-2.555],[0,-3.645],[0,0],[-0.505,-2.686],[-0.814,-1.79],[-1.042,-1.057],[-1.074,-0.52],[-1.009,-0.146],[-0.749,0],[-1.742,1.025],[-1.107,1.433],[0,0],[0.391,-1.302],[0.635,-0.732],[0.846,-0.277],[0.911,0],[1.074,1.204],[0,2.897]],"o":[[-0.228,0.781],[-0.098,0.684],[0,2.637],[0.846,1.709],[1.465,0.993],[1.953,0.391],[3.288,0],[2.36,-1.14],[1.53,-2.132],[0.716,-3.011],[0,0],[0,0],[0,0],[-0.456,-0.879],[-0.652,-0.879],[-0.928,-0.7],[-1.254,-0.423],[-0.814,0],[-1.042,0.13],[-1.091,0.505],[-1.058,0.977],[-0.814,1.726],[-0.505,2.556],[0,0],[0,3.809],[0.504,2.686],[0.813,1.791],[1.041,1.058],[1.074,0.521],[1.009,0.146],[2.571,0],[1.741,-1.025],[0,0],[0,2.051],[-0.391,1.302],[-0.635,0.732],[-0.847,0.276],[-2.246,0],[-1.074,-1.205],[0,0]],"v":[[7.666,4.59],[7.178,6.787],[7.031,8.496],[8.301,15.015],[11.768,19.067],[16.895,21.143],[23.145,21.729],[31.616,20.02],[37.451,15.112],[40.82,7.397],[41.895,-2.734],[41.895,-67.285],[32.275,-67.285],[31.152,-60.645],[29.492,-63.281],[27.124,-65.649],[23.853,-67.334],[19.531,-67.969],[16.748,-67.773],[13.55,-66.821],[10.327,-64.6],[7.52,-60.547],[5.542,-54.126],[4.785,-44.824],[4.785,-27.148],[5.542,-17.407],[7.52,-10.693],[10.303,-6.421],[13.477,-4.053],[16.602,-3.052],[19.238,-2.832],[25.708,-4.37],[29.98,-8.057],[29.98,2.539],[29.395,7.568],[27.856,10.62],[25.635,12.134],[22.998,12.549],[18.018,10.742],[16.406,4.59]],"c":true},"ix":2},"nm":"g","mn":"ADBE Vector Shape - Group","hd":false},{"ind":1,"ty":"sh","ix":2,"ks":{"a":0,"k":{"i":[[0.764,0.342],[0.553,0.912],[0.309,1.595],[0,2.507],[0,0],[-0.31,1.579],[-0.554,0.896],[-0.749,0.326],[-0.912,0],[-1.025,-0.96],[-0.619,-1.367],[0,0],[0.374,-0.586],[0.504,-0.455],[0.635,-0.276],[0.813,0]],"o":[[-0.765,-0.342],[-0.554,-0.911],[-0.31,-1.595],[0,0],[0,-2.506],[0.309,-1.579],[0.553,-0.895],[0.748,-0.325],[1.465,0],[1.025,0.961],[0,0],[-0.261,0.619],[-0.375,0.586],[-0.505,0.456],[-0.635,0.277],[-0.912,0]],"v":[[20.923,-12.915],[18.945,-14.795],[17.651,-18.555],[17.188,-24.707],[17.188,-46.826],[17.651,-52.954],[18.945,-56.665],[20.898,-58.496],[23.389,-58.984],[27.124,-57.544],[29.59,-54.053],[29.59,-17.285],[28.638,-15.479],[27.319,-13.916],[25.61,-12.817],[23.438,-12.402]],"c":true},"ix":2},"nm":"g","mn":"ADBE Vector Shape - Group","hd":false}],"nm":"g","np":5,"cix":2,"bm":0,"ix":1,"mn":"ADBE Vector Group","hd":false}]},"fFamily":"Fjalla One"},{"ch":" ","size":83,"style":"Regular","w":21.39,"data":{},"fFamily":"Fjalla One"},{"ch":"f","size":83,"style":"Regular","w":30.08,"data":{"shapes":[{"ty":"gr","it":[{"ind":0,"ty":"sh","ix":1,"ks":{"a":0,"k":{"i":[[0,0],[0,0],[0,0],[0,0],[0,0],[0,0],[0,0],[-0.326,0.993],[-0.554,0.603],[-0.732,0.261],[-0.814,0],[-1.367,-0.358],[0,0],[0.7,0.195],[0.732,0.146],[0.732,0.066],[0.586,0],[1.774,-0.455],[1.318,-1.286],[0.748,-2.295],[0,-3.645],[0,0],[0,0],[0,0],[0,0]],"o":[[0,0],[0,0],[0,0],[0,0],[0,0],[0,0],[0,-1.465],[0.325,-0.993],[0.553,-0.602],[0.732,-0.26],[1.692,0],[0,0],[-0.554,-0.293],[-0.7,-0.195],[-0.732,-0.146],[-0.732,-0.065],[-2.051,0],[-1.775,0.456],[-1.318,1.286],[-0.749,2.295],[0,0],[0,0],[0,0],[0,0],[0,0]],"v":[[8.008,0],[20.166,0],[20.166,-58.447],[29.492,-58.447],[29.492,-67.236],[20.166,-67.236],[20.166,-72.07],[20.654,-75.757],[21.973,-78.149],[23.901,-79.443],[26.221,-79.834],[30.811,-79.297],[30.811,-87.988],[28.931,-88.721],[26.782,-89.233],[24.585,-89.551],[22.607,-89.648],[16.87,-88.965],[12.231,-86.353],[9.131,-80.981],[8.008,-72.07],[8.008,-67.236],[2.197,-67.236],[2.197,-58.447],[8.008,-58.447]],"c":true},"ix":2},"nm":"f","mn":"ADBE Vector Shape - Group","hd":false}],"nm":"f","np":3,"cix":2,"bm":0,"ix":1,"mn":"ADBE Vector Group","hd":false}]},"fFamily":"Fjalla One"},{"ch":"u","size":83,"style":"Regular","w":49.85,"data":{"shapes":[{"ty":"gr","it":[{"ind":0,"ty":"sh","ix":1,"ks":{"a":0,"k":{"i":[[0,0],[-2.132,-2.734],[-3.939,0],[-1.237,0.26],[-1.189,0.603],[-1.091,1.025],[-0.977,1.53],[0,0],[0,0],[0,0],[0,0],[0,0],[0,0],[1.172,-0.684],[1.237,0],[0.911,1.156],[0,2.962],[0,0],[0,0]],"o":[[0,5.534],[2.132,2.734],[1.237,0],[1.237,-0.261],[1.188,-0.602],[1.09,-1.025],[0,0],[0,0],[0,0],[0,0],[0,0],[0,0],[-0.945,1.27],[-1.172,0.684],[-1.758,0],[-0.912,-1.155],[0,0],[0,0],[0,0]],"v":[[6.445,-15.723],[9.644,-3.32],[18.75,0.781],[22.461,0.391],[26.099,-0.903],[29.517,-3.345],[32.617,-7.178],[32.666,-7.178],[33.887,0],[43.311,0],[43.311,-67.236],[30.957,-67.236],[30.957,-12.744],[27.783,-9.814],[24.17,-8.789],[20.166,-10.522],[18.799,-16.699],[18.799,-67.236],[6.445,-67.236]],"c":true},"ix":2},"nm":"u","mn":"ADBE Vector Shape - Group","hd":false}],"nm":"u","np":3,"cix":2,"bm":0,"ix":1,"mn":"ADBE Vector Group","hd":false}]},"fFamily":"Fjalla One"},{"ch":"d","size":83,"style":"Regular","w":48.24,"data":{"shapes":[{"ty":"gr","it":[{"ind":0,"ty":"sh","ix":1,"ks":{"a":0,"k":{"i":[[-1.237,0.391],[-0.977,0.668],[-0.716,0.847],[-0.554,0.879],[0,0],[0,0],[0,0],[0,0],[0,0],[0,0],[0,0],[0.684,0.668],[0.879,0.537],[1.074,0.326],[1.204,0],[0.993,-0.098],[1.09,-0.455],[1.09,-0.96],[0.879,-1.709],[0.537,-2.604],[0,-3.776],[0,0],[-0.505,-2.669],[-0.814,-1.807],[-1.042,-1.041],[-1.074,-0.52],[-1.009,-0.146],[-0.749,0]],"o":[[1.237,-0.391],[0.977,-0.667],[0.716,-0.846],[0,0],[0,0],[0,0],[0,0],[0,0],[0,0],[0,0],[-0.456,-0.684],[-0.684,-0.667],[-0.879,-0.537],[-1.074,-0.325],[-0.652,0],[-0.993,0.098],[-1.091,0.456],[-1.091,0.961],[-0.879,1.709],[-0.537,2.605],[0,0],[0,3.809],[0.504,2.67],[0.813,1.807],[1.041,1.042],[1.074,0.52],[1.009,0.146],[1.562,0]],"v":[[23.438,0.195],[26.758,-1.392],[29.297,-3.662],[31.201,-6.25],[32.275,0],[41.895,0],[41.895,-88.818],[29.59,-88.818],[29.59,-70.898],[29.98,-62.402],[29.932,-62.354],[28.223,-64.38],[25.879,-66.187],[22.949,-67.48],[19.531,-67.969],[17.065,-67.822],[13.94,-66.992],[10.669,-64.868],[7.715,-60.864],[5.591,-54.395],[4.785,-44.824],[4.785,-23.486],[5.542,-13.77],[7.52,-7.056],[10.303,-2.783],[13.477,-0.439],[16.602,0.562],[19.238,0.781]],"c":true},"ix":2},"nm":"d","mn":"ADBE Vector Shape - Group","hd":false},{"ind":1,"ty":"sh","ix":2,"ks":{"a":0,"k":{"i":[[0.764,0.342],[0.553,0.896],[0.309,1.595],[0,2.507],[0,0],[-0.31,1.579],[-0.554,0.896],[-0.749,0.326],[-0.912,0],[-1.025,-0.96],[-0.619,-1.367],[0,0],[0.374,-0.586],[0.504,-0.439],[0.635,-0.276],[0.813,0]],"o":[[-0.765,-0.342],[-0.554,-0.895],[-0.31,-1.595],[0,0],[0,-2.506],[0.309,-1.579],[0.553,-0.895],[0.748,-0.325],[1.465,0],[1.025,0.961],[0,0],[-0.261,0.619],[-0.375,0.586],[-0.505,0.439],[-0.635,0.277],[-0.912,0]],"v":[[20.923,-9.302],[18.945,-11.157],[17.651,-14.893],[17.188,-21.045],[17.188,-46.826],[17.651,-52.954],[18.945,-56.665],[20.898,-58.496],[23.389,-58.984],[27.124,-57.544],[29.59,-54.053],[29.59,-13.623],[28.638,-11.816],[27.319,-10.278],[25.61,-9.204],[23.438,-8.789]],"c":true},"ix":2},"nm":"d","mn":"ADBE Vector Shape - Group","hd":false}],"nm":"d","np":5,"cix":2,"bm":0,"ix":1,"mn":"ADBE Vector Group","hd":false}]},"fFamily":"Fjalla One"}]}